user_question,label_1
Здравствуйте! Можно уточнить причины Правилhttps://rutube.ru/info/taboo_agreement/ по которым удаляются ролики? что за нарушение правил RUTUBE ‌ ‌ ‌ ‌ ‌ ‌ ‌ ‌ ‌ ‌ ‌ ‌ ‌ ‌ ‌ ‌ ‌ ‌ ‌ ‌ ‌ ‌ ‌ ‌ ‌ ‌ ‌ ‌ ‌ ‌ ‌ ‌ ‌ ‌ ‌ ‌ ‌ ‌ ‌ ‌ ‌ ‌ ‌ ‌ ‌ ‌ ‌ ‌ ‌ ‌ ‌ ‌ ‌ ‌ ‌ ‌ ‌ ‌ ‌ ‌ ‌ ‌ ‌ ‌ ‌ ‌ ‌ ‌ ‌ ‌ ‌ ‌ ‌ ‌ ‌ ‌ ‌ ‌ ‌ ‌ ‌ ‌ ‌ ‌ ‌ ‌ ‌ ‌ ‌ ‌ ‌ ‌ ‌ ‌ ‌ ‌ ‌ ‌ ‌ ‌ ‌ ‌ ‌ ‌ ‌ ‌ ‌ ‌ ‌ ‌ ‌ ‌ ‌ ‌ ‌ ‌ ‌ ‌ ‌ ‌ ‌ ‌ ‌ ‌ ‌ ‌ ‌ ‌ ‌ ‌ ‌ ‌ ‌ ‌ ‌ ‌ ‌ ‌ ‌ ‌ ‌ ‌ ‌ ‌ ‌ ,МОДЕРАЦИЯ
"Добрый вечер, какой топ причин блокировки видео на рутубе?",МОДЕРАЦИЯ
"Все пишут, что монетизация на рутубе отключается сама собой, у меня тоже так будет?",МОНЕТИЗАЦИЯ
Что запрещено в монетизации и что можно выкладывать?,МОНЕТИЗАЦИЯ
"Чтобы не отключали монетизацию, надо, чтобы я сам снимал видео?",МОНЕТИЗАЦИЯ
"Можно ли мне накрутить просмотры, не будет нарушением? Все равно же это просмотры ",МОНЕТИЗАЦИЯ
"Если коменты и просмотрынакрученны, рутуб с таким явлением что-то делает?",МОНЕТИЗАЦИЯ
Какой статус мне выбрать для монетизации?,МОНЕТИЗАЦИЯ
"Если я превышу лимит по самозанятости, с монетизацией все будет хорошо?",МОНЕТИЗАЦИЯ
"Подскажите, пожалуйста, что не запрещено выкладывать в монетизации?",МОНЕТИЗАЦИЯ
"Какую музыку можно использовать в видео, чтобы получать доход от просмотров?",МОНЕТИЗАЦИЯ
Я заю что музыку нельзя размещать!  А если сам ее написал или с сайта то как,МОНЕТИЗАЦИЯ
У контента из интернета есть авторские права?,МОДЕРАЦИЯ
Что защищено авторским правом? Какие материалы,МОДЕРАЦИЯ
"Какие документы нужны для восстановления монетизации, ели это чужие видео?",МОНЕТИЗАЦИЯ
"Добрый день, я бы хотел узнать какие документы я должен предоставить чтобы мог загружать определенные фильмы и мультфильмы? у меня есть разрешения на некоторые фильмы и мультфильмы просто, надо включить монетизацию",МОНЕТИЗАЦИЯ
"Если я видео размещаю, авторские права у вас будут?",МОДЕРАЦИЯ
кто правообладатель аорских прав на размещенный ролик на канале?,МОДЕРАЦИЯ
Кому принадлежат авторские права на данный контент?,МОДЕРАЦИЯ
"пройдет видео модерация, если цитировать чужие материалы?",МОДЕРАЦИЯ
Могу я в видео процитировать произведение известного нейрохирурга?,МОДЕРАЦИЯ
Не запрещено цитировать произведения?,МОДЕРАЦИЯ
"Пытался загрузить фильм и получаю:""Видео удалено за нарушение пользовательского соглашения""почему так?",МОДЕРАЦИЯ
"можно ли делать вставки из чужие роликов мини фильмов, будет опубликовано?",МОДЕРАЦИЯ
"Если беру материалы для публикации интернета, надо вам что-то предоставлять?",МОДЕРАЦИЯ
ролики из инета защищены авторским правом?,МОДЕРАЦИЯ
"Что сделать, чтобы использовать в видео материалы, которые распространяются по свободной лицензии?",МОДЕРАЦИЯ
"Могу я использовать музыку, которая распространяется по свободной лицензии?",МОДЕРАЦИЯ
Какие видео  с чтением чужих книг можно публиковать?,МОДЕРАЦИЯ
"ВОПРОС ОБ ОТКАЗЕ ОТ ПУБЛИКОВАНИЯ ПРОИЗВЕДЕНИЯ ОБЩЕСТВЕННОГО ДОСТОЯНИЯ, БУДЕТ ТАКОЕ?",МОДЕРАЦИЯ
Что за переход в общественное достояние?,МОДЕРАЦИЯ
через сколько лет переход общественное достояние?,МОДЕРАЦИЯ
произведние в общественном достоянии? О чем это?,МОДЕРАЦИЯ
"Почему не скажете, кому пренадлежат эти права?",МОДЕРАЦИЯ
"Кто этот правообладатель прав, почему не уведомляете фамилией?",МОДЕРАЦИЯ
Некоторые комментарии  и видео фильтры Рутуба почему-то пропускают. Пожаловаться тоже непонятно как  среди сотен отзывов весьма проблематично.Спасибо.,МОДЕРАЦИЯ
"Доброго дня хочу пожаловаться на видео. В этом видео автор канала просит скидывать денежные средства, на электронные кошельки указанные в описание к видео, при этом не предоставив никаких документов.  Усматривают в этом нарушение законодательства РФ, а именно 151 статью УК РФ -Попрошайничество и статья мошенничество 159 УК РФ.  Прошу незамедлительно заблокировать данное видео на вашей платформе",МОДЕРАЦИЯ
"Помимо обычного рутуба есть какое-то приложение для автора, что это?",УПРАВЛЕНИЕ АККАУНТОМ
Сделайт уже студию для андроида,УПРАВЛЕНИЕ АККАУНТОМ
"не хочу пользоваться студией с ноутбука, хочу с телефона",УПРАВЛЕНИЕ АККАУНТОМ
Что можно делать в приложени ситудии?,УПРАВЛЕНИЕ АККАУНТОМ
Никак с приложения нельзя посмотреть аналитику по каналу?,УПРАВЛЕНИЕ АККАУНТОМ
на всех устройствах доступно прилоежние студии?,ДОСТУП К RUTUBE
"Здравствуйте!Хочу скачать ваше приложение студии для устройства SberPortal но не могу инфу на вашем сайте, с каких версий доступно",ДОСТУП К RUTUBE
где посмотреть версию в студии на айос,ОТСУТСТВУЕТ
Есть ли данные о версии в приложения Студия RUTUBE ios?,ОТСУТСТВУЕТ
"где увидеть цифры версии, вы запрашиваете, а я не могу найти. Уже посмотрела везде, как я должна узнать, у меня айфон 11",ОТСУТСТВУЕТ
"Какой логин указывать в студии на смартфоне? Вхожу первый ра, у меня айфон 12, если надо",УПРАВЛЕНИЕ АККАУНТОМ
Можно ли регистрироваться в студии приложении ios на почту?,УПРАВЛЕНИЕ АККАУНТОМ
Какой логин указывать в студии на смартфоне? Забыла почта или номер нужен,УПРАВЛЕНИЕ АККАУНТОМ
Можно ли регистрироваться в студии приложении на почту?,УПРАВЛЕНИЕ АККАУНТОМ
МОЖНО ПОВТОРНО ВОЙТИ В ПРИЛОЖЕНИЕ СТУДИИ?,УПРАВЛЕНИЕ АККАУНТОМ
"Можно ли сделать так, чтобы в приложении студии и обычном приложении рутуба был один канал?",УПРАВЛЕНИЕ АККАУНТОМ
как можно выполнить вход в приложении Студия RUTUBE с пароле или без?,УПРАВЛЕНИЕ АККАУНТОМ
Обязательно ли код вводить при входе в студию?,УПРАВЛЕНИЕ АККАУНТОМ
Как без проверочного кода зайти в приложении студии?,УПРАВЛЕНИЕ АККАУНТОМ
Как можно выйти со всех устройств в пиложении студии? ,УПРАВЛЕНИЕ АККАУНТОМ
напишите пошагово действия как выйти из канала в приложении Студия RUTUBE,УПРАВЛЕНИЕ АККАУНТОМ
я могу вообще выйти из студии на айфоне?,УПРАВЛЕНИЕ АККАУНТОМ
какие данные можно менять в приложении Студия RUTUBE?,УПРАВЛЕНИЕ АККАУНТОМ
Как в приложении Студия RUTUBE мне изменить дату рождения?,УПРАВЛЕНИЕ АККАУНТОМ
Как в приложении Студия RUTUBE изменить номер телефона?,УПРАВЛЕНИЕ АККАУНТОМ
можно обновить в приложении Студия RUTUBE описание канала?,УПРАВЛЕНИЕ АККАУНТОМ
Где можно изменить название канала в студии на смартфорне?,УПРАВЛЕНИЕ АККАУНТОМ
как удалить канал в приложении Студия RUTUBE,УПРАВЛЕНИЕ АККАУНТОМ
"Здравствуйте ! Хочу удалить аккаунт, а кнопки удаления вроде нету ни в профиле, ни в студиии приложении. Как удалить?",УПРАВЛЕНИЕ АККАУНТОМ
как изменить фотку профиля в приложении студии?,УПРАВЛЕНИЕ АККАУНТОМ
можно ли в приложении Студия RUTUBE поменять фотографию канала?,УПРАВЛЕНИЕ АККАУНТОМ
как мне выдать доступы к студии канала через приложение Студия RUTUBE?,ПРЕДЛОЖЕНИЯ
уже можно настраивать доступп к студии через приложение?,ПРЕДЛОЖЕНИЯ
Как управлять другим каналом через приложение Студия RUTUBE?,ПРЕДЛОЖЕНИЯ
"могу я делать что-то на канале другого человека в приложении студия, если дали доступ?",ПРЕДЛОЖЕНИЯ
Что не так может быть с обложкой канала?,УПРАВЛЕНИЕ АККАУНТОМ
"Добрый день, не загружается обложка канала, пишет странный размер - не более 2204",УПРАВЛЕНИЕ АККАУНТОМ
"Можно скрыть разделы во вкладке ""Обзор"" в приложении Студия RUTUBE?",ПРЕДЛОЖЕНИЯ
"Можно ли менять местами  разделы во вкладке ""Обзор"" в приложении Студия RUTUBE?",ПРЕДЛОЖЕНИЯ
Можно ли увидеть аналитику по конкретному видео в приложении Студия RUTUBE?,ПРЕДЛОЖЕНИЯ
в приложении Студия как увидеть аналитику по всем видео?,ПРЕДЛОЖЕНИЯ
"Доброй ночи, возможно мои пожелания с 99% не учтут но все же ) Добавьте аналитику по все видео  в обычном приложении студии тоже было бы не плохо Добавил 4,5 скрин - как то скудно он выглядит на фоне других и не так удобно надеюсь на то что вы станете на 1 месте пока что в России а дальше и по миру",ПРЕДЛОЖЕНИЯ
сколько денег я заработал за видео в приложении студии?,ПРЕДЛОЖЕНИЯ
"Где посмотреть доход по ролику ""Тундра""? В студии не вижу, на сайте чтоль надо",ПРЕДЛОЖЕНИЯ
Как в студии рутуба на телефоне подать заявку на монетизацию?,ПРЕДЛОЖЕНИЯ
в студии рутуба вообще что ль нельзя документы на монетизацию отправить?,ПРЕДЛОЖЕНИЯ
Как в студии рутуба на телефоне создать свой плейлист?,ПРЕДЛОЖЕНИЯ
в студии рутуба вообще что ль нельзя плейлисты делать?,ПРЕДЛОЖЕНИЯ
Можно в студии в приложении грузить видео?,ПРЕДЛОЖЕНИЯ
загружать можно только в обычно приложении или в приложении студии тоже?,ПРЕДЛОЖЕНИЯ
Как в приложении Студия RUTUBE создавать трансляции?,ПРЕДЛОЖЕНИЯ
"запусть трансляции можно только на сайте студии, как это в студии приложения сделать?",ПРЕДЛОЖЕНИЯ
"Как отсортировать видео по статусу в категории ""Модерация/Отклонено"" в приложении Студия RUTUBE?",ПРЕДЛОЖЕНИЯ
как мне отклоненные видео отсортировать в студии на телефоне?,ПРЕДЛОЖЕНИЯ
"Добрый день. При загрузке видео загружаем изображение обложки, но после загрузки обложка не видна.  видео выходит ошибка «не удалось обновить оложку» Помогите с проблемой, подскажите как загрузить на видео обложки, какой она должна быть",ВИДЕО
"Добрый день, не загружается обложка видео, пишет странный размер - не мене 320 - 320, это что то новое?",ВИДЕО
любую обложку на видео можно загрузить или как?,ВИДЕО
"Как мне сстудии посмотреть что мне ответили в комментариях, я не могу найти это в приложении айос",ПРЕДЛОЖЕНИЯ
"Где в приложении студии на айфон раздел ""Комментарии""?",ПРЕДЛОЖЕНИЯ
уже организовали работу с комментариями в студии на смарфтоне или нет? Мне надо обновляться в appstore или нет?,ПРЕДЛОЖЕНИЯ
перенести видео в приложеиии нлельзя что ль? С ютуба только на сайте можно?,ПРЕДЛОЖЕНИЯ
в студии ios есть испорт видео с YouTub? Разом что б все,ПРЕДЛОЖЕНИЯ
проблемы со входом в приложении Студия RUTUBE,УПРАВЛЕНИЕ АККАУНТОМ
"какая почта, если проблемы со входом на акаунт студии, и что указать",УПРАВЛЕНИЕ АККАУНТОМ
как связаться с поддержкой в приле студии?,ОТСУТСТВУЕТ
как вам написать прямо из студии на смартфоне? Надо почту открывать?,ОТСУТСТВУЕТ
"куда нажать, чтобы увидеть кнопку поддержки в приложении Студия RUTUBE?",ОТСУТСТВУЕТ
"Помимо студии на сайте есть какое-то приложение для автора, оно ваше? Там почти также как в веб версии?",УПРАВЛЕНИЕ АККАУНТОМ
Сделайт уже студию для айфона,УПРАВЛЕНИЕ АККАУНТОМ
что за студия для смартфоно?,УПРАВЛЕНИЕ АККАУНТОМ
"функионал обычного приложения и студии для самсунга отличаются или нет? Меня конкрутно студия инстресует, что там можно",УПРАВЛЕНИЕ АККАУНТОМ
"Загрузка и редактирование видео, создание и редактирование плейлистов и трансляций доступно в приложении Студия RUTUBE?",УПРАВЛЕНИЕ АККАУНТОМ
как скачать студию на андроид,ДОСТУП К RUTUBE
как скачатть приложение для авторов студии на хуавей?,ДОСТУП К RUTUBE
Можно ли где-то скачать приложение Студия на android?,ДОСТУП К RUTUBE
"У меня телефон techno, можно установить Студию?",ДОСТУП К RUTUBE
"Здравствуйте! с каких версий доступно приложении студии, устаревшие версии телефонов андроид есть?",ДОСТУП К RUTUBE
где посмотреть версию в студии на андроиде,ОТСУТСТВУЕТ
Есть ли данные о версии в приложения Студия RUTUBE на xiaomi?,ОТСУТСТВУЕТ
"где увидеть цыфры версии, вы запрашиваете, а я не могу найти. Уже посмотрела везде, как я должна узнать, у меня хуавей",ОТСУТСТВУЕТ
есть студия рутуба для планшетов?,ДОСТУП К RUTUBE
Здравствуйте можно запустить рутуб ноо я на планшете?,ДОСТУП К RUTUBE
"Здравствуйте, а rutube оптимизирован для планшетов? Можно скачать?",ДОСТУП К RUTUBE
Какой логин указывать в студии на смартфоне? Вхожу первый раз на самсунге,УПРАВЛЕНИЕ АККАУНТОМ
Можно ли регистрироваться в студии приложении для андоида на телефон?,УПРАВЛЕНИЕ АККАУНТОМ
Забыла почта или номер нужен для входа  в прилу студии че делать,УПРАВЛЕНИЕ АККАУНТОМ
Могу зайти в студию приложение на андроид по номеру телефона? Также как на сайте или как надо то ничего не понятно сделайте уже яснее,УПРАВЛЕНИЕ АККАУНТОМ
можно сделать один аккунт и для сайта идля студии на смартфоне? Или надоразные,УПРАВЛЕНИЕ АККАУНТОМ
"Я ЗАРЕГИСТРИРОВАЛСЯ НА САЙТЕ, мне нада 2 профиль для студии на смартфоне или нет?",УПРАВЛЕНИЕ АККАУНТОМ
когда ответите уже как зайти без кода то в студию приложени?,УПРАВЛЕНИЕ АККАУНТОМ
надо обязательно ввести код? Чтобы подключить студию на смартфон,УПРАВЛЕНИЕ АККАУНТОМ
почему то туда отсылает Код...Как такое вообще возможно????? Как зайти без кода?????,УПРАВЛЕНИЕ АККАУНТОМ
Как выйти из акаунта в приложении студии?  ,УПРАВЛЕНИЕ АККАУНТОМ
"Здравствуйте!Как выйти из чужого аккаунта стдии на анроиде, чтобы зайти под моим аккаунтом?С уважением,Дмитрий",УПРАВЛЕНИЕ АККАУНТОМ
Я же указал дату рождения в профиле… а как в рутубе студии на хуавее изменить остальные данные,УПРАВЛЕНИЕ АККАУНТОМ
"Немого настроить профиль. Настраиваю пол, куда вписать, могу это сделать в студии на смартфоне?",УПРАВЛЕНИЕ АККАУНТОМ
в андроиде студии как изменить название канала?,УПРАВЛЕНИЕ АККАУНТОМ
"можно свой ник сделать ""Кулинария"" в приложении Студия на андроиде?",УПРАВЛЕНИЕ АККАУНТОМ
"Добрый день.Я бы хотел удалить канал  так как не могу понять.Подскажите, пожалуйста, как это сделать? --Админ Тио Андроид студия",УПРАВЛЕНИЕ АККАУНТОМ
 здравствуйте прошу удалить аккаунт в студии на вашем канале так как случайно зарегистрировалась повторноудалить аккаунт необходимо с привязкой по номеру телефона скриншот в приложении --Надежда,УПРАВЛЕНИЕ АККАУНТОМ
"Здравствуйте, подскажите как загрузить обложку со смартфона на канал, в студии окноесть такое?",УПРАВЛЕНИЕ АККАУНТОМ
"добрый день, можно приимерить другую обложку канала в студии на телефоне или нет?(",УПРАВЛЕНИЕ АККАУНТОМ
Как поменять обложку в профиле канала в рутуп стутии?,УПРАВЛЕНИЕ АККАУНТОМ
"Здравствуйте. Скажите, пожалуйста, можно дли дать доступ к управлению каналом администратору и как его назначить в риложении студии?  есть ли у нас где-то инструкция?",ПРЕДЛОЖЕНИЯ
"Добрый день!Как мне создать доступ для администратора канала, чтобы он смог автономно заходить и размещать видео и пр. через приложение студии",ПРЕДЛОЖЕНИЯ
Не понимаю как управлять каналом другим с тудии рутуба на смартфоне,ПРЕДЛОЖЕНИЯ
Можно управлть каналом грузить видео на чужой профиль только на сайте? В приложении студии сделайте так,ПРЕДЛОЖЕНИЯ
"приложение студии 50/50 сыровато дизайн как для дедушек если было бы более мимолистично по типу как в ютубе было бы имба и скажите пожалуйста какую обложку можно загружать на канала, не могу разобраться ",УПРАВЛЕНИЕ АККАУНТОМ
"На 4 с минусом на момент начала 2021гПоследние пять лет сколько не заходил  на РuTube то сразу закрывал страницу. Какой-то совершенно невнятный интерфейс и неясно можно грузить обложку или нет и какую,хочу поменять уже оформление канала",УПРАВЛЕНИЕ АККАУНТОМ
Добрый день! Не получается загрузить обложку к каналу. Формат что ль не тот . Подскажите пожалуйста,УПРАВЛЕНИЕ АККАУНТОМ
какой должна быть обложка канала? По размерам и прочему,УПРАВЛЕНИЕ АККАУНТОМ
хочу изменять интерфейс в обзоре студии приложения,ПРЕДЛОЖЕНИЯ
как передвигать блоки в обзоре в студиия7 на самсунге,ПРЕДЛОЖЕНИЯ
Добрый вечер!!! Хотел бы уточнить как я могу посмотреть аналитику видео в приложении студия на андроиде?,УПРАВЛЕНИЕ АККАУНТОМ
"Здравствуйте.Подскажите пожалуйста, где в мобильном приложении (скачивала из гугл стора) найти аналитику Rutube студию. можно смотреть аналитику на ролик на сайте и так далее.А в смартфоне вообще не могу найти, тыкая на аватарку попадаем в настройки.Спасибо за помощь.",УПРАВЛЕНИЕ АККАУНТОМ
"Добрый вечер. перешел с ютуба и не могу найти где посмотреть аналитику одного видео а не всех на моем канале , подскажите как и где это можно посмотреть в студии на хуавей?",УПРАВЛЕНИЕ АККАУНТОМ
сколько мне начислили за видео в студии андроида?,ПРЕДЛОЖЕНИЯ
можно как-то увидеть сколько рублей придет за мой блогерский ролик? Пользуюсь студией приложением,ПРЕДЛОЖЕНИЯ
где заполнить заявку на монетизацию в студии руьуба?,ПРЕДЛОЖЕНИЯ
как стать партнером в приложении студии,ПРЕДЛОЖЕНИЯ
"как оформить договор чтобы деньги получать в приложении, мне сказадли в студии надо заявку оформить но я не могу найти такой раздел",ПРЕДЛОЖЕНИЯ
Здравствуйте !  Мне не хватает функционала в настройке своего канала:нужна возможность помещать видео в плейлист.Хотелось бы иметь возможность делать это в приложении студии,ПРЕДЛОЖЕНИЯ
"как на сайте можно создавать подборки-плейлситы своих видео, как то же делать в приложении студии?",ПРЕДЛОЖЕНИЯ
Хотелось бы больше возможностей по созданию и управлению плейлистами. Нет возможности создать плейлисты из роликов моих,ПРЕДЛОЖЕНИЯ
Именно подборки сделать возможности нет. Но вы можете создать плейлисты и добавить туда необходимые видеоролики. Создать их можно в Студии RUTUBE: https://studio.rutube.ru/playlists.Не могу войти,ПРЕДЛОЖЕНИЯ
Здравствуйте разработчики приложение студии на андроид классное у меня вопрос можно загружать видео на это приложение ,ВИДЕО
"Доброго времени суток. Я здесь новенькая, подскажите, пожалуйста, можно загружать видео? Отправлено с Студия RUTUBE на Android",ВИДЕО
я хочу начать трансляцию но на телефоне студия для андроид,ТРАНСЛЯЦИЯ
"скачала студию с рустора, как запустить стрим?",ТРАНСЛЯЦИЯ
есть возможность запуска стримой для студии андроида?,ТРАНСЛЯЦИЯ
Здравствуйте а как можно запустить трансляцию в студии ноо я на хуавее?,ТРАНСЛЯЦИЯ
"Здравствуйте, есть проблема нужна ваша помощь с приложением студии рутуба, устанавлиявал с ру маркета. У меня два канала в рутубе. В одном из них - основном, в качестве логина используется мой номер телефона. На другом основном канале в качестве логина эл поста. На основном канале хочу запустить трансляцию,  тут так можно?",ТРАНСЛЯЦИЯ
как посмотреть отклоненные модераторов ролики все?,ПРЕДЛОЖЕНИЯ
"Могу отфильтровать только опубликованные и запланированные видео, а заблокированные модерацией нет?",ПРЕДЛОЖЕНИЯ
Здравствуйте! какие размеры Обложки ролика. Браузер Яндекс.,ВИДЕО
"какой обложку надо сделать, чтобы на сериал мой личный установить?",ВИДЕО
размер фотографии к ролику можно сделать 500мб?,ВИДЕО
Как заблокировать чужой канал в сприложении студии,ПРЕДЛОЖЕНИЯ
"Здравствуйте. Появился раздел в настройках Студии на сайте ""Заблокированные пользователи"" Как разблокировать - есть такая  возможно, а как заблокировать - не  с ПК, а в приложении. Так как блокировать каналы других, чтобы не оставляли комментарии на моем канале? Спасибо.",ПРЕДЛОЖЕНИЯ
как заблокировать канал навсегда с тудии на телефоне?!,ПРЕДЛОЖЕНИЯ
"Мне надо 3 коммента закрепить, как?",ВИДЕО
до сколких сособщений зрителей по плеером можно вверху прикрепить прям под видео?,ВИДЕО
можно только чужие кооменты закруплять ? Или и чужой и свой могу?,ВИДЕО
"Добрый день!Прошу проинструктировать, как перенести видео с моего канала Youtube на мой канал Rutube в приложении Студия. С Уважением, Максим",ПРЕДЛОЖЕНИЯ
как с ютуба к вам импортировать контент? В приле студии,ПРЕДЛОЖЕНИЯ
"Добрый день. Спасибо. Подскажите, пожалуйста, как перенести более 100 видеов студии. На данный момент 175, пользуюсь прилой",ПРЕДЛОЖЕНИЯ
"Не могу зарегаться в приложении. Захочу написать, куда",УПРАВЛЕНИЕ АККАУНТОМ
вам надо че нибудь скидывать если на хелп опишу проблему со входом?,УПРАВЛЕНИЕ АККАУНТОМ
"какая почта поддержки, если написать в приложении Студия RUTUBE?  И как это сделать",ОТСУТСТВУЕТ
"у всех есть кнопки связи с поддержкой, а у вас нет, я не хочу писать в чат я хочу прямо из приложения по студии все сделать",ОТСУТСТВУЕТ
"для чего нужна эта функция, она что-то дает? чтобы другие могли подключиться к моему каналу?",УПРАВЛЕНИЕ АККАУНТОМ
мне надо давать пароль свой если дам доступ коллеге в студии?,УПРАВЛЕНИЕ АККАУНТОМ
"я зашел в настройки, где тут это поле,куда нао списывать логин другого канала, мне надо быстрее настроить, чтобы могли за меня грузить. Ответьте.",УПРАВЛЕНИЕ АККАУНТОМ
"мне надо куда зайти, чтобы оформить роли доступов?",УПРАВЛЕНИЕ АККАУНТОМ
Чтобы дать доступ что надо списывать в поле пользователя?,УПРАВЛЕНИЕ АККАУНТОМ
"могу присоещдинить канал к моейс студии, если нет номера телефона на том канале, точно почта?",УПРАВЛЕНИЕ АККАУНТОМ
как мне дать досутп к канал другу?+A204A203:A2A200:A250,УПРАВЛЕНИЕ АККАУНТОМ
как названчить администратора канала?,УПРАВЛЕНИЕ АККАУНТОМ
как мне дать доступ по ссылке на канал автора,УПРАВЛЕНИЕ АККАУНТОМ
можно администратора на канал присоединить по айди?,УПРАВЛЕНИЕ АККАУНТОМ
"Можно дать доступ в студии человеку, у которого нет канала у вас?",ПРЕДЛОЖЕНИЯ
"как мне добавить администратора, у которого нет канала на рутубе?",ПРЕДЛОЖЕНИЯ
сколько человек можно сделать администраторами?,УПРАВЛЕНИЕ АККАУНТОМ
50 ролей для 2-х каналов или 1?,УПРАВЛЕНИЕ АККАУНТОМ
"я работаю в группе компаний, у кажой компании есть канал свой, их около 70. Они могут все дать мне лоступ на управление каналами в настройках или есть лимит?",УПРАВЛЕНИЕ АККАУНТОМ
Сколько студий мне могут дать в управление? Есть максимум?,УПРАВЛЕНИЕ АККАУНТОМ
ограничения на выдачу ролей мне однму аккаунту есть? Могут мне все разрешить управлять своим акком?,УПРАВЛЕНИЕ АККАУНТОМ
"максимально 100, 200 или сколька каналав мне могут одновременно дать мне права?",УПРАВЛЕНИЕ АККАУНТОМ
Можно дать 1 профилю роль редактора с ограниченными правами и модератора?,ПРЕДЛОЖЕНИЯ
"почему-то не получается дать модератора моему подчиненному, редактора получилось, а модератора нет",ПРЕДЛОЖЕНИЯ
Есть ограничение на количество получаемых ролей доя одного акаунта?,ПРЕДЛОЖЕНИЯ
роль редактора позволяется делать все-все?,ПРЕДЛОЖЕНИЯ
"что недоступно ребятам, которым дам доступ к своей студии?",ПРЕДЛОЖЕНИЯ
"Канал, которомудам доступ к студии, назначать роли другим пользователям?",ПРЕДЛОЖЕНИЯ
может другой управлять настройками доступов в моей студии?,ПРЕДЛОЖЕНИЯ
как мне посмотреть что делал мой администратор на моем канале?,ПРЕДЛОЖЕНИЯ
"мне кажется на моем канале были удалены видео, как посмотреть кто из админов удалил их? ",ПРЕДЛОЖЕНИЯ
"я не хочу управлять чужой студией, как отключиться?",УПРАВЛЕНИЕ АККАУНТОМ
"я дам управление другим, но потом они должны отказаться от доступа, как это сделать?",УПРАВЛЕНИЕ АККАУНТОМ
"Не могу найти список каналов, которыми управлять могу",УПРАВЛЕНИЕ АККАУНТОМ
у вас нет списка да? Студий котрыми управляю,УПРАВЛЕНИЕ АККАУНТОМ
"я хочу дать доступ своему админу на свой канал, у него есть еще какие-то каналы в управлении? Как посмотреть",ПРЕДЛОЖЕНИЯ
"можно увидеть все доступы, к которым есть доступ, у того, кому я его даю в студии?",ПРЕДЛОЖЕНИЯ
сколько ролей есть вообще в студии?,УПРАВЛЕНИЕ АККАУНТОМ
какие доступы есть в студии?,УПРАВЛЕНИЕ АККАУНТОМ
"Ест редактор обычняй и с ограниченными правами, модератор, доступ с правами просмотра и с ограниченными правами просмотра, это все или еще есь?",УПРАВЛЕНИЕ АККАУНТОМ
"значю только редактор есть и модератор, а какие еще могу дать каналам расширения?",УПРАВЛЕНИЕ АККАУНТОМ
Что редактор сможет делать на моем канале?,УПРАВЛЕНИЕ АККАУНТОМ
редактор может канал удалить?,УПРАВЛЕНИЕ АККАУНТОМ
а че только 50 чел могу подключить на управление каналом?,УПРАВЛЕНИЕ АККАУНТОМ
сколько редакторов могу сделать на рутупе?,УПРАВЛЕНИЕ АККАУНТОМ
"у нас 1 канал на всех, около 16 чел, можно всем вместе списаться на доступ расширенный самый?",УПРАВЛЕНИЕ АККАУНТОМ
"с правами Редактора создать трансляцию нельзя что ль  в итоге, если только почта в профиле?",ПРЕДЛОЖЕНИЯ
"можно ли запускать трансляцию на чжом канале, если у меня расширенный доступ? Почему то номер все равно просит",ПРЕДЛОЖЕНИЯ
"Есть роль на моем канале самая расширенная, могу почистить подписки через Студию чужую?",ПРЕДЛОЖЕНИЯ
"я редактор, почему недосупен раздел подписок??????????????",ПРЕДЛОЖЕНИЯ
"мне дали в рутубе редактора, но права ограничены, к чему у меня доступа не будет?",УПРАВЛЕНИЕ АККАУНТОМ
ограниченыые права редактора я загрузать видео смогу?,УПРАВЛЕНИЕ АККАУНТОМ
"хочу дать доступ моему коллеге ,чтобы мог за монетизацией следить, пока я буду недосупен, но не хочу, чтобы гразил видео и т.д. дам ролт с ограничемнными права типо редактор, так ок?",УПРАВЛЕНИЕ АККАУНТОМ
"У меня телеканал, я хочу каждому сотруднику дать рол редактора, их человек 70, сможем так сделать?",УПРАВЛЕНИЕ АККАУНТОМ
какое ограничение на количество каналов которым дам доступ в рутубе? 10 чел могут управлять моим каналам?,УПРАВЛЕНИЕ АККАУНТОМ
50 ролей могу дать эту суммарно по всем каналам моим или нет? ,УПРАВЛЕНИЕ АККАУНТОМ
Что может делать Модератор комментариев в cтудии?,УПРАВЛЕНИЕ АККАУНТОМ
Может ли пользователь с ролью Модератор управлять комментариями в Студии?,УПРАВЛЕНИЕ АККАУНТОМ
"Добавил в cтудии Модератора комментариев, он сможет отвечать на комментарии на моих видео?",УПРАВЛЕНИЕ АККАУНТОМ
Сколько модераторов я могу добавить на канал?,УПРАВЛЕНИЕ АККАУНТОМ
Модератор комментариев может быть только один на канале или можно добавить несколько?,УПРАВЛЕНИЕ АККАУНТОМ
Что может делать Пользователь с правами просмотра в cтудии?,УПРАВЛЕНИЕ АККАУНТОМ
"Не понимаю, чем отличается роль пользователя с правами просмотра?",УПРАВЛЕНИЕ АККАУНТОМ
Сколько пользователей с правами просмотра я могу добавить на канал?,УПРАВЛЕНИЕ АККАУНТОМ
Я могу назначить только одного пользователя с правами просмотра или их может быть несколько?,УПРАВЛЕНИЕ АККАУНТОМ
Что доступно пользователю с ограниченными провами просмотра?,УПРАВЛЕНИЕ АККАУНТОМ
"Я добавил пользователя с органиченными правами просмотра, что он может делать на моем канале?",УПРАВЛЕНИЕ АККАУНТОМ
Сколько я могу добавить на канал пользователей с ограниченными правами просмотра?,УПРАВЛЕНИЕ АККАУНТОМ
Сколько всего на одном канале может быть пользователей с ограниченными правами просмотра?,УПРАВЛЕНИЕ АККАУНТОМ
"Хочу назначить модератора для работы с комментариями на свой канал, какую роль мне выбирать для этого?",УПРАВЛЕНИЕ АККАУНТОМ
"Какие права выдавать пользователю, если мне нужно, чтобы он модерировал комментарии у меня на канале?",УПРАВЛЕНИЕ АККАУНТОМ
Работа с комментариями доступна только для роли модератор или для других тоже?,УПРАВЛЕНИЕ АККАУНТОМ
Как будут отображаться действия редакторов на моем канале?,УПРАВЛЕНИЕ АККАУНТОМ
"Будет ли видно зрителям, что комментарий оставил модератор моего канала или будет отображаться, будто я написал?",УПРАВЛЕНИЕ АККАУНТОМ
"Что за раздел shorts, это такие видео?",ВИДЕО
"Почему некоторые видео называются ""shorts"", что это?",ВИДЕО
"Иногда попадаются в ленте ролики, называются ""SHORTS"", что это означает?",ВИДЕО
Какого формата должны быть шортс?,ВИДЕО
"Хочу загрузить шортс, какие у вас требования к таким видео?",ВИДЕО
"Я выложил shorts на 20 секунд, а можно длительность меньше?",ВИДЕО
Насколько коротким может быть видео shorts?,ВИДЕО
"Хочу загрузить shorts, как это сделать?",ВИДЕО
Как грузить ролики шортс на Rutube?,ВИДЕО
"Как загрузить видео, чтобы оно было ""shorts""?",ВИДЕО
"На ютубе смотрел shorts, где у вас такие посмотреть?",ВИДЕО
Где у вас раздел с шортс?,ВИДЕО
"Не могу найти, где посмотреть шортсы?",ВИДЕО
Как загрузить мой shorts в подборку на главной странице?,СОТРУДНИЧЕСТВО ПРОДВИЖЕНИЕ РЕКЛАМА
Как именно выбираются ролики для раздела shorts?,СОТРУДНИЧЕСТВО ПРОДВИЖЕНИЕ РЕКЛАМА
Как попасть в раздел shorts?,СОТРУДНИЧЕСТВО ПРОДВИЖЕНИЕ РЕКЛАМА
"Я загрузил ролик шортс, он попадет в подборку на главной?",СОТРУДНИЧЕСТВО ПРОДВИЖЕНИЕ РЕКЛАМА
"Нужно ли мне в описании и названии писать ""shorts"", чтобы попасть в подборку?",ВИДЕО
"Хочу загрузить свои шортс в подборку, обязательно ли мне для этого ставить хэштег #Shorts?",ВИДЕО
"Что мне сделать, чтобы мои шортс попадали на главную?",СОТРУДНИЧЕСТВО ПРОДВИЖЕНИЕ РЕКЛАМА
"Мои шортс не попадают в раздел, что мне сделать, чтобы они туда попали?",СОТРУДНИЧЕСТВО ПРОДВИЖЕНИЕ РЕКЛАМА
"Как у вас продвигать shorts, чтобы они попали в подборку на главной странице?",СОТРУДНИЧЕСТВО ПРОДВИЖЕНИЕ РЕКЛАМА
А сколько всего видео может быть в разделе Shorts на главной?,ВИДЕО
Сколько максимум роликов может попасть в подборку Shorts?,ВИДЕО
"Почему одни и те же видео в разделе Shorts и не обновляются, хотя я их уже все посмотрел?",ВИДЕО
Как обновить подборку роликов в Shorts?,ВИДЕО
"Загрузил к вам шортс, где мне его теперь найти?",ВИДЕО
"Не могу найти свой ролик shorts, помогите",ВИДЕО
Возможно ли монетизировать ролики Shorts?,МОНЕТИЗАЦИЯ
"Я публикую на канале ролики shorts, будет ли на них монетизация?",МОНЕТИЗАЦИЯ
"А как включить shorts, чтобы он был горизонтально?",ВИДЕО
"Мне не удобно смотреть свои шортс вертикально, как переключиться на горизонтальный плеер?",ВИДЕО
А шортсы всегда будут вертикально отображаться или можно их как-то свернуть их в горизонтальный плеер?,ВИДЕО
Что за Smart TV?,ОТСУТСТВУЕТ
"Я обычно смотрю рутуб через планшет, но тут увидел у вас и хотел спросить, что за Smart TV указаны на сайте?",ОТСУТСТВУЕТ
"Увидел на сайте раздел ""Smart TV"" - это что такое?",ОТСУТСТВУЕТ
Пойдет ли на мой телевизор ваше приложение?,ДОСТУП К RUTUBE
"Купил недавно приставку, еще не разобрался, как-то можно скачать на нее приложение Рутуб?",ДОСТУП К RUTUBE
Можно ли скачать Рутуб детям на телевизор?,ПРЕДЛОЖЕНИЯ
"Мой сын любит смотреть мультики у вас, хотела ему на телевизоре их включать, есть ли увас приложение? У меня приставка Xiaomi.",ПРЕДЛОЖЕНИЯ
"Недавно купил смарт тв, откуда скачать ваше приложение можно?",ДОСТУП К RUTUBE
"Где искать ваше приложение на телевизоре, не понимаю?",ДОСТУП К RUTUBE
Помогите скачать Rutub на телевизор.,ДОСТУП К RUTUBE
"Не нашел ваше приложение в магазине, как его можно еще скачать?",ДОСТУП К RUTUBE
Что делать если приложения рутуб нет в магазине? Откуда еще скачать?,ДОСТУП К RUTUBE
"Не нашел Рутуб в приложениях, как его скачать на Samsung?",ДОСТУП К RUTUBE
"У меня телевизор Samsung 2015 года, не могу скачать ваше приложение, помогите",ДОСТУП К RUTUBE
"Почему-то в магазине LG нет приложения Rutube, можно его как-то с вашего сайта скачать?",ДОСТУП К RUTUBE
"Мне сказали мой телевизор больше не поддерживается, хотя модель новая и прекрасно работает. Как-то можно ваше приложение поставить с файла?",ДОСТУП К RUTUBE
"Что делать, если приложения Rutub нет в магазине и производитель больше не поддерживает модель телевизора?",ДОСТУП К RUTUBE
"Отправили в командировку за границу, ваше приложение везде доступно?",ДОСТУП К RUTUBE
"Поехали в отпуск в Турцию, тут купили приставку и хотим поставить RUTUBE, это получится?",ДОСТУП К RUTUBE
"Где найти ролики, которые я посмотрел?",УПРАВЛЕНИЕ АККАУНТОМ
"Куда сохраняется история, что я смотрел?",УПРАВЛЕНИЕ АККАУНТОМ
Как мне удалить видео из истории?,УПРАВЛЕНИЕ АККАУНТОМ
Можно ли очистить список просмотренного на аккаунте?,УПРАВЛЕНИЕ АККАУНТОМ
Как удалить историю из поиска?,ПОИСК
Можно ли удалить историю в поиске?,ПОИСК
"Не могу найти раздел ""Мое"", помогите",ДОСТУП К RUTUBE
"Где найти этот раздел моё? все перетыкала уже, в упор не вижу",ДОСТУП К RUTUBE
"А можно ли не обновлять ваш рутубе? У меня старый телевизор, работает хорошо, меня все устраивает",ДОСТУП К RUTUBE
"У меня старая модель ТВ, будет ли ваше приложение поддерживаться, если его не обновлять?",ДОСТУП К RUTUBE
"А на старом телевизоре можно вашем приложением пользоваться? Я вроде скачал, все нормально, только оно не обновляется…",ДОСТУП К RUTUBE
Как сделать чтобы ролики сами не проигрывались?,ПРЕДЛОЖЕНИЯ
Не пойму как убрать автовоспроизведение?,ПРЕДЛОЖЕНИЯ
"У нас дома два телевизора на кухне и в комнате, я могу их все подключить к своему аккаунту?",УПРАВЛЕНИЕ АККАУНТОМ
"Если я сейчас привяжу телевизор, я потом смогу еще добавить новый?",УПРАВЛЕНИЕ АККАУНТОМ
Телевизор можно только один привязать к аккаунту?,УПРАВЛЕНИЕ АККАУНТОМ
"QR ваш не сканируется, как мне войти?",УПРАВЛЕНИЕ АККАУНТОМ
"Навожу на куар код, ничего не происходит! Как авторизоваться в телевизоре??",УПРАВЛЕНИЕ АККАУНТОМ
"У меня ничего не открылось, хотя код отсканировала, помогите зарегистрироваться",УПРАВЛЕНИЕ АККАУНТОМ
"Как зайти на телевизоре? сканирую код, он не работает",УПРАВЛЕНИЕ АККАУНТОМ
"Что ни включи все пишет, чтобы смотрел на сайте, какой смысл в приложении тогда?",ВИДЕО
"Включаю видео, а там ""контент недоступен"" и предлагает идти на сайт",ВИДЕО
Не могу посмотреть СТС!,ТРАНСЛЯЦИЯ
"Как смотреть эфир ренТВ, почему-то недоступно?",ТРАНСЛЯЦИЯ
"Включил фильм на телевизоре, а там только HD, где 4К у вас?",ПРЕДЛОЖЕНИЯ
Можно ли смотреть 2к-4к с телевизора?,ПРЕДЛОЖЕНИЯ
Есть ли у вас управление клавишами?,ВИДЕО
"Горячии клавиши у вас вроде работают как в ютубе, а есть список всех команд?",ВИДЕО
"Не смог найти, как управлять с клавиатуры видео",ВИДЕО
Что за трансляции у вас на сайте?,ТРАНСЛЯЦИЯ
"Увидел на рутубе трансляции, это тоже что и видео?",ТРАНСЛЯЦИЯ
А стримить - это как?,ТРАНСЛЯЦИЯ
Я смогу стримить в приложении?,ТРАНСЛЯЦИЯ
А с телефона можно стримить на рутуб?,ТРАНСЛЯЦИЯ
"Скачала ваше приложение, хотела записать стрим как гуляю по городу - у вас это можно в приложении?",ТРАНСЛЯЦИЯ
На Rutube любой может стримить?,ТРАНСЛЯЦИЯ
Кому можно проводить трансляции на вашем сайте?,ТРАНСЛЯЦИЯ
Я смогу стримить на Рутуб?,ТРАНСЛЯЦИЯ
"У нас планируется мероприятие, хотели запустить по нему сразу несколько прямых трансляций, такое возможно у вас?",ТРАНСЛЯЦИЯ
Могу я запустить несколько стримов?,ТРАНСЛЯЦИЯ
А сколько трансляций можно запустить одновременно?,ТРАНСЛЯЦИЯ
"Я сегодня буду стримить на своем ютуб канале, хотел запустить сразу на рутуб тоже, так можно?",ТРАНСЛЯЦИЯ
"Если я уже стримлю через ВК, я смогу на Рутуб запустить стрим?",ТРАНСЛЯЦИЯ
На моих стримах будет реклама?,ТРАНСЛЯЦИЯ
Вы показываете рекламу на трансляциях?,ТРАНСЛЯЦИЯ
"А реклама будет, если я запущу стрим?",ТРАНСЛЯЦИЯ
Есть ли у вас монетизация для стримов?,МОНЕТИЗАЦИЯ
Мои трансляции на Rutube будут монетизироваться? ,МОНЕТИЗАЦИЯ
"Я обычно стримлю на твиче, захотел попробовать у вас. Я смогу монетизировать свои трансляции?",МОНЕТИЗАЦИЯ
Планирую создать у вас канал и проводить трансляции. За них можно будет получать доход или вы только видео монетизируете?,МОНЕТИЗАЦИЯ
Какие у вас правила для проведения стримов?,МОДЕРАЦИЯ
"На рутуб есть какие-то ограничения для трансляций, что нельзя делать и показывать например?",МОДЕРАЦИЯ
"Есть ли у вас запреты на трансляциях, за что забанить могут?",МОДЕРАЦИЯ
Приватная трансляция это как?,ТРАНСЛЯЦИЯ
Чем отличается приватная трансляция от обычной?,ТРАНСЛЯЦИЯ
"Увидел в настройках трансляции ""доступ по ссылке"", что это такое?",ТРАНСЛЯЦИЯ
"Хочу провести приватную трансляцию, будет ли ее видно на моем канале для подписчиков?",ТРАНСЛЯЦИЯ
"А трансляцию ""по ссылке"" как-то можно увидеть на моем канале?",ТРАНСЛЯЦИЯ
Я могу встроить трансляцию на свой сайт?,ВИДЕО
"Планируем проводить стрим через Rutube и разместить плеер на главной нашего сайта, это можно сделать?",ВИДЕО
"Есть ли у вас функция, чтобы встроить стрим на сайт?",ВИДЕО
"Я хочу провести трансляцию чтобы ее не видно было на рутубе, а разместить ее на сайте для своих платных подписчиков, так получится сделать?",ВИДЕО
"Если я провожу приватную трансляцию, ее можно встроить на другой сайт?",ВИДЕО
На Rutub доступно встраивание приватных стримов на другие сайты?,ВИДЕО
Какие у вас требования к потоку?,ТРАНСЛЯЦИЯ
Какой битрейт выставлять для трансляции?,ТРАНСЛЯЦИЯ
Есть ли на Рутуб стримы в 60fps?,ТРАНСЛЯЦИЯ
А трансляции на рутубе только 30 фпс?,ТРАНСЛЯЦИЯ
Я смогу стримить в 60fps?,ТРАНСЛЯЦИЯ
"Не будет проблем с трансляцией, если я подам 60фпс?",ТРАНСЛЯЦИЯ
"Недавно зарегистрировался у вас, планирую проводить стримы с подписчиками из ТГ. Хотел узнать в 60 кадов получится стримить?",ТРАНСЛЯЦИЯ
Если я стримил в 60 кадров на записи тоже будет 60?,ТРАНСЛЯЦИЯ
"Сохранится ли качество в записи, если у меня трансляция в 60fps шла?",ТРАНСЛЯЦИЯ
Вы поддерживаете 60 кадров на записи трансляции?,ТРАНСЛЯЦИЯ
"Мне подписчики заказали фильм посмотреть, у вас можно будет провести такой стрим с просмотром фильма?",МОДЕРАЦИЯ
"Можно ли на рутубе смотреть фильмы на трансляциях со зрителями, чтобы мы могли онлайн обсуждать и комментировать?",МОДЕРАЦИЯ
Могу ли я включать музыку у себя на стриме?,МОДЕРАЦИЯ
Я могу зрителям включать музыку на фон когда отхожу во время трансляции?,МОДЕРАЦИЯ
А ничего если я на стриме буду пить пиво?,МОДЕРАЦИЯ
"Я буду стримить свой ДР и отмечать с подписчиками, естественно буду выпивать там шампанское или вино, тортик будет)) у вас можно такое?",МОДЕРАЦИЯ
Если я парю во время трансляии не забаните?),МОДЕРАЦИЯ
Как сделать пометку на трансляции что она 18+?,ТРАНСЛЯЦИЯ
"Можно ли провести трансляцию ""для взрослых"", чтобы от 18 лет только была?",ТРАНСЛЯЦИЯ
На Rutube есть тег 18+ для стримов?,ТРАНСЛЯЦИЯ
Какие у вас условия для 18+ трансляций?,МОДЕРАЦИЯ
В каком случае мне нужно отметить свой стрим как 18+?,МОДЕРАЦИЯ
Хочу попробовать стримить на Rutube и хотел узнать сразу как они у вас продвигаются?,СОТРУДНИЧЕСТВО ПРОДВИЖЕНИЕ РЕКЛАМА
Что-то мои трансляции никто не смотрит… у вас хоть какое-то продвижение есть? Как набрать зрителей?,СОТРУДНИЧЕСТВО ПРОДВИЖЕНИЕ РЕКЛАМА
Есть ли смысл стримить на Рутуб? Для стримов работает продвижение?,СОТРУДНИЧЕСТВО ПРОДВИЖЕНИЕ РЕКЛАМА
"Я наченающий блогер, хочу стать популярним стримером у вас, но пока незнаю что тут как. Расскажите пж куда нажать чтобы трансляцию сделать?))) спс",ТРАНСЛЯЦИЯ
Как завести трансляцию на Рутубе?,ТРАНСЛЯЦИЯ
Стримы с доступом только по ссылке - у вас такое есть?,ТРАНСЛЯЦИЯ
Я могу провести приватную трансляцию?,ТРАНСЛЯЦИЯ
"Хочу застримить так чтобы не видно было на канале и только по ссылке можно посмотреть, как мне сделать такой стрим?",ТРАНСЛЯЦИЯ
"Как мне сделать, чтобы мою трансляцию было не видно на канале?",ТРАНСЛЯЦИЯ
"Я хочу потестировать настройки для трансляции и мне не надо, чтобы ее видно было, можно как-то скрытый запуск сделать?",ТРАНСЛЯЦИЯ
Если я проводил скрытую трансляцию она сохранится в мои видео?,ТРАНСЛЯЦИЯ
Останется ли запись приватного стрима у меня на канале?,ТРАНСЛЯЦИЯ
"Сколько у вас можно стримить, какие лимиты?",ТРАНСЛЯЦИЯ
Сколько часов может быть трансляция на Рутубе?,ТРАНСЛЯЦИЯ
"У вас можно целый день стримить? А запись сколько сохранится, если стрим был длинный?",ТРАНСЛЯЦИЯ
"Не всегда успеваю к началу любимой передачи и стало интересно, а можно перемотать, чтобы сначала посмотреть?",ТРАНСЛЯЦИЯ
У вас работает перемотка на трансляциях?,ТРАНСЛЯЦИЯ
А реклама будет на трансляции?,ТРАНСЛЯЦИЯ
На рутуб есть реклама в эфире?,ТРАНСЛЯЦИЯ
Подскажите какую программу надо чтобы стримить?,ТРАНСЛЯЦИЯ
Через что у вас можно стримить?,ТРАНСЛЯЦИЯ
"Я иногда делаю нарезки с трансляций, скажите я могу у вас скачать свою трансляцию после завершения?",ПРЕДЛОЖЕНИЯ
На Rutube доступно скачивание своих стримов в записи?,ПРЕДЛОЖЕНИЯ
"Трансляция которую я смотрел уже закончилась, как я ее могу посмотреть снова?",ТРАНСЛЯЦИЯ
У трансляции поменяется ссылка после окончания?,ТРАНСЛЯЦИЯ
"Случайно запустил закрытую трансляцию и не заметил, я могу открыть хотя бы ее запись теперь?",ВИДЕО
Приватную запись трансляции можно сделать доступной для всех?,ВИДЕО
Возможно ли поменять настройки приватности потом у записи трансляции?,ВИДЕО
"Подскажите, какие настройки надо выставлять в OBS?",ТРАНСЛЯЦИЯ
"Я раньше никогда не стримил, не очень понимаю как все настроить. Помогите пожалуйста)",ТРАНСЛЯЦИЯ
Посоветуйте как лучше настроить vMix?,ТРАНСЛЯЦИЯ
У вас есть инфа как настроить vMix?,ТРАНСЛЯЦИЯ
"Не могу никак разобраться, какие настройки выставлять в vMix, не могли бы вы помочь?",ТРАНСЛЯЦИЯ
Что значит эмбед?,ВИДЕО
"Что дает ""эмбедирование""?",ВИДЕО
Встраивание это что?,ВИДЕО
"Хотим разместить ваш плеер на нашем сайте, расскажите подробнее как это сделать?",ВИДЕО
А можно видео с рутуба на другом сайте вставить чтобы плеером было красиво?,ВИДЕО
А какие-нибудь настройки есть для встраиваемых видео?,ВИДЕО
У вас поддерживаются настройки при встраивании видео?,ВИДЕО
Что можно настроить у эмбедов?,ВИДЕО
Какие параметры можно поменять у встроенного плеера?,ВИДЕО
"А можно будет поменять внешний вид у встроенного видео? Например, размер поменять, можно?",ВИДЕО
"Я записываю мастерклассы для своих учеников и размещаю их на сайте. Мне важно, чтобы видео были недоступны всем и только на сайте их было видно, кому дам страницу. Как мне правильно добавить скрытые видео на свой сайт?",ВИДЕО
Как добавить к себе на сайт приватное видео?,ВИДЕО
"Я пока еще новичок, только зарегистрировался на Рутубе) не поделитесь как лучше оформить канал?",УПРАВЛЕНИЕ АККАУНТОМ
"Можете дать рекомендации, с чего начать оформление канала?",УПРАВЛЕНИЕ АККАУНТОМ
"Может у вас есть советы, как настроить канал?",УПРАВЛЕНИЕ АККАУНТОМ
"Хочу набрать миллион подписчиков на Рутубе :) посоветуйте, какую мне обложку выбрать на видео чтобы зрителям нравилось?",ВИДЕО
"Есть ли у вас наставления для начинающих блогеров, как лучше оформлять видео и обложки, чтобы продвигаться на Rutube?",ВИДЕО
Какие требования к оформлению контента на вашей платформе для продвижения?,ВИДЕО
Какие преимущества дает верификация?,УПРАВЛЕНИЕ АККАУНТОМ
Что мне даст статус официального канала?,УПРАВЛЕНИЕ АККАУНТОМ
А кто может верифецироваться на Rutub?,УПРАВЛЕНИЕ АККАУНТОМ
Для кого доступен официальный канал на рутубе?,УПРАВЛЕНИЕ АККАУНТОМ
А на верификацию только организации могут подать?,УПРАВЛЕНИЕ АККАУНТОМ
А подать заявку можно любому?,УПРАВЛЕНИЕ АККАУНТОМ
Как мне получить галочку на Рутуб? На Ютубе у меня 1000 подписчиков,УПРАВЛЕНИЕ АККАУНТОМ
Как мне пройти верефикацию?,УПРАВЛЕНИЕ АККАУНТОМ
Как отправить вам заявку на верификацию?,УПРАВЛЕНИЕ АККАУНТОМ
Кому можно сделать официальный канал на Rutube?,УПРАВЛЕНИЕ АККАУНТОМ
Кому точно одобрят верификацию?,УПРАВЛЕНИЕ АККАУНТОМ
"Обязательно ли быть крупным блогером, чтобы пройти верификацию?",УПРАВЛЕНИЕ АККАУНТОМ
"Я могу сделать свой канал официальным, если я простой человек (у меня нет всяких пабликов, я не ИП и не ООО)?",УПРАВЛЕНИЕ АККАУНТОМ
А физикам доступна верификация на Рутуб?,УПРАВЛЕНИЕ АККАУНТОМ
"Как поменять ссылку на канал, чтобы вместо цифр был мой ник?",УПРАВЛЕНИЕ АККАУНТОМ
Я могу настроить красивую ссылку на канал?,УПРАВЛЕНИЕ АККАУНТОМ
"Не могу найти, как поменять адрес канала, чтобы было так https://rutube.ru/vasya_007?",УПРАВЛЕНИЕ АККАУНТОМ
Сколько вы будете проверять мою заявку на верификацию?,УПРАВЛЕНИЕ АККАУНТОМ
"Отправил вчера заявку на статус официального канала, а как долго ждать рассмотрения?",УПРАВЛЕНИЕ АККАУНТОМ
Кто принимает решение по заявкам на верификацию?,УПРАВЛЕНИЕ АККАУНТОМ
"Уже отправил вам заявку на получение галочки, хотел поинтересоваться, а кто ее будет проверять?",УПРАВЛЕНИЕ АККАУНТОМ
"А мне обязательно верифицировать свой канал, чтобы монетизироваться?",МОНЕТИЗАЦИЯ
"Планирую подавать на монетизацию, нужно ли мне для этого получать галочку?",МОНЕТИЗАЦИЯ
Почему мою заявку на верификацию отклонили?,УПРАВЛЕНИЕ АККАУНТОМ
"Мне отклонили заявку на галочку, что не так?",УПРАВЛЕНИЕ АККАУНТОМ
"Вы не одобрили мою заявку на статус официального канала без комментариев… хотелось бы знать, в чем причина.",УПРАВЛЕНИЕ АККАУНТОМ
"Я вам отправлял заявку на верификацию и уже две недели прошло, а ответа так и нет",УПРАВЛЕНИЕ АККАУНТОМ
"Моя заявка на верификацию где-то зависла у вас, как узнать что с ней?",УПРАВЛЕНИЕ АККАУНТОМ
"Заявка на верификацию в статусе рассмотрения уже больше 10 дней, когда ждать результат?",УПРАВЛЕНИЕ АККАУНТОМ
На рутубе есть монетизация?,МОНЕТИЗАЦИЯ
Rutub же поддерживает авторов? Я смогу получать доход за свои ролики?,МОНЕТИЗАЦИЯ
У вас можно монетизировать свои видео?,МОНЕТИЗАЦИЯ
"Я могу подключить монетизацию, если мне через месяц будет 18?",МОНЕТИЗАЦИЯ
Какие возрастные ограничения для участия в партнерской программе?,МОНЕТИЗАЦИЯ
"Я гражданин Казахстана, но у меня есть временная регистрация в Москве - смогу ли я подключить монетизацию на Рутуб?",ПРЕДЛОЖЕНИЯ
"Можно ли монетизироваться, если нет российского паспорта?",ПРЕДЛОЖЕНИЯ
"Возможно ли участвовать в партнерской программе, если зарегистрирован не в РФ?",ПРЕДЛОЖЕНИЯ
"Я не являюсь самозанятым или ИП, как мне подключиться к монетизации?",ПРЕДЛОЖЕНИЯ
"Я могу подать заявку на монетизацию, если я физ.лицо?",ПРЕДЛОЖЕНИЯ
Как физлица могут подключиться к партнерской программе Rutube?,ПРЕДЛОЖЕНИЯ
Какие вам нужно будет отправлять документы для подключения монетизации?,МОНЕТИЗАЦИЯ
Что нужно будет предоставлять для участия в партнерской программе?,МОНЕТИЗАЦИЯ
Достаточно ли паспорта для подачи заявки на монетизацию или нужны будут еще какие-то документы?,МОНЕТИЗАЦИЯ
"Нужно ли предварительно верифицировать канал, чтобы участвовать в партнерской программе?",МОНЕТИЗАЦИЯ
Для подключения монетизации не обязательно быть официальным каналом?,МОНЕТИЗАЦИЯ
Есть ли требование к верификации канала для подключения монетизации?,МОНЕТИЗАЦИЯ
"хаявку мне не одобрили, что делать как верефицировать канал?",УПРАВЛЕНИЕ АККАУНТОМ
"Не согласен с тем, что я не дали статус официального канала",УПРАВЛЕНИЕ АККАУНТОМ
"Мне не подтвердили галочку, что теперь?",УПРАВЛЕНИЕ АККАУНТОМ
Очень долго не отвечают по заявке на верефикацию?,УПРАВЛЕНИЕ АККАУНТОМ
"Я давно подал заявку на подтверждение канала, но ответа нет",УПРАВЛЕНИЕ АККАУНТОМ
"Подавал заявку на галочку, очень давно нет ответа, как постпить?",УПРАВЛЕНИЕ АККАУНТОМ
я не понимаю что за монетизация?,МОНЕТИЗАЦИЯ
Что за монитизация?,МОНЕТИЗАЦИЯ
Сколько лет нада для монетизации?,МОНЕТИЗАЦИЯ
"Здравствуйте, может ли несовершенолетний подключить монетизацию на своём rutube канале?",МОНЕТИЗАЦИЯ
Здравствуйте такой вопрос. А если я не резидент РФ как подключить монетизация. Я же не могу оформить самозанятость.  Как в таком случае действовать ,ПРЕДЛОЖЕНИЯ
"Здравствуйте. У вас обновилась монетизация, но про резидентов ничего не сказано. Подскажите, планируется ли как-то решить вопрос с возможностью подключения монетизации из других стран нерезидентов?",ПРЕДЛОЖЕНИЯ
"Здравствуйте! Скажите, пожалуйста, недавно наша команда заметила кардинально обновлённую вкладку ""Монетизация"" в Rutube Studio нашего канала и хочет поинтересоваться, сама монетизация уже работает для нерезидентов Российской Федерации, и мы уже можем зарабатывать после того, как выполним все требования для этого? На всякий случай, наша команда работает на территории Молдавии (Республики Молдова).",ПРЕДЛОЖЕНИЯ
"Добрый день! При регистрации на монетизацию у вас нет пункта физическое лицо, только предприниматели. Физику под каким статусом регистрироваться? ",ПРЕДЛОЖЕНИЯ
Добрый день. А Вы не планирует как на Дзене сделать в монетизации «Физическое лицо»? Самозанятого регистрировать крайне не удобно.,ПРЕДЛОЖЕНИЯ
"Я физическое лицо, как монетизировать свой контент?",ПРЕДЛОЖЕНИЯ
Что мне прислать чтобы получать деньги?,МОНЕТИЗАЦИЯ
"Какие надо вам документы, чтобы одобрили заявку на монетизауию?",МОНЕТИЗАЦИЯ
Пришлите список документов для подключения монетизации,МОНЕТИЗАЦИЯ
"нужна ли галочка, чтобы подключить монетизацию",МОНЕТИЗАЦИЯ
"Есть ли необходимость верефицировать свой канал, чтобы у меня была монетизация?",МОНЕТИЗАЦИЯ
Сколько обычно рассматривается заявка на монетизацию?,МОНЕТИЗАЦИЯ
Долго ждать одобрения монетизации?,МОНЕТИЗАЦИЯ
"У меня 2 аккаунта, могу монетизировать оба?",МОНЕТИЗАЦИЯ
"Хочу создать ещё один канал и монетизиравать его, так можно?",МОНЕТИЗАЦИЯ
У нашей организации несколько каналов нужно можн ли получать деньги со всех калах?,МОНЕТИЗАЦИЯ
На одного человека можно монету включить на нескольких каналах?,МОНЕТИЗАЦИЯ
Можно ли оформить монетизацию на доверенного человека?,МОНЕТИЗАЦИЯ
Могу ли я оформить монетизацию по доверенности?,МОНЕТИЗАЦИЯ
Можно ли офрмить монетизацию за доуго человка?,ПРЕДЛОЖЕНИЯ
"Мне нужно оформитьмонетизацию на другого, нужно ли переофрмлять канал?",ПРЕДЛОЖЕНИЯ
"У меня канал с реактами на чужие ролики, за них платят?",МОНЕТИЗАЦИЯ
могу лия монетизировать контетнт где я смотрю кино?,МОНЕТИЗАЦИЯ
У видео 18+ есть монетизация?,МОНЕТИЗАЦИЯ
С ограничем по возрасту могу расчитывать на монетизацию?,МОНЕТИЗАЦИЯ
"Могу ли я подключить  монетизацию, на ролики которые уже были на рутуб?",МОНЕТИЗАЦИЯ
"Если я выкладываю ролики, которые ранее были на рубубе, то я могу за них получать деньги?",МОНЕТИЗАЦИЯ
"Подключил монетизацию, с какого моента мне начнет считаться вознаграждение?",МОНЕТИЗАЦИЯ
"Я подключил монетизацию, с какого момента начнут считаться деньги?",МОНЕТИЗАЦИЯ
"Наконецто подключил монетизацию, с какого момента начнет считаться вознаграждение?",МОНЕТИЗАЦИЯ
 «Требуется дополнительная информация» для монетизации? Что ещё от меня нужно?,МОНЕТИЗАЦИЯ
"В личном кабинете есть надпись  «Требуется дополнительная информация», после подключения монетизации, что не так?",МОНЕТИЗАЦИЯ
из-за чего может быть отклонена монетизация?,МОНЕТИЗАЦИЯ
Почему по монетизации может быть отказ?,МОНЕТИЗАЦИЯ
"Здравствуйте!
Мне на почту от Вас не пришло письмо с инструкцией о том, что нужно исправить для восстановления выплат по партнерской программе. Сколько времени есть?",МОНЕТИЗАЦИЯ
"Сколько у меня есть, чтобы исправить нарушения?",МОНЕТИЗАЦИЯ
Сколько мне мдается на устранение нарушений на канале?,МОНЕТИЗАЦИЯ
"здраствуйте, отправляем Вам все лицензии на использование аудио/музыкального и иного контента, нарушения в описании группы устранены, видео с нарушениями-удалены. В ближайшее время будет отправлена повторная заявка. Сколько рассматрение?",МОНЕТИЗАЦИЯ
"Повторная проверка была отправлена,скак долго ждать??",МОНЕТИЗАЦИЯ
"Опять отправил заявку на монетизацию, сейчас сколько ждать?",МОНЕТИЗАЦИЯ
Где есть аналитика по деньгам?,МОНЕТИЗАЦИЯ
Как ине посмотреть аналитику по монетизации?,МОНЕТИЗАЦИЯ
Где у вас раздел аналититики по монеитизации?,МОНЕТИЗАЦИЯ
Сколько вы платите на 1000 просмотров?,МОНЕТИЗАЦИЯ
Сколько примерно платят за 1000 просмотров?,МОНЕТИЗАЦИЯ
"Здравствуйте, сколько платят за 1000 просмотров ? не понятно как работает монетизация да и вроде платить стали меньше, раньше как-то больше за месяц выходило около 150 рублей а сейчас по 2-3 рублям",МОНЕТИЗАЦИЯ
Добрый день не могу понят ькак вывести баланс?,МОНЕТИЗАЦИЯ
"Здравствуйте, подскажите как вывести деньги, к выводу 5600 руб",МОНЕТИЗАЦИЯ
Как вывести деньги?,МОНЕТИЗАЦИЯ
Добрый день!Как часто происходит обновление статистики в Монетизации?,МОНЕТИЗАЦИЯ
"Здравствуйте, информается по монетизации как часто обновляется?",МОНЕТИЗАЦИЯ
"Добрый день, случайно отключила рекламу и участие в партнерской программе на канале, подскажите пожалуйста, как подключить обратно?",МОНЕТИЗАЦИЯ
"добрый день, я по ошибке отключил рекламу, как её включить. спасибо.",МОНЕТИЗАЦИЯ
Куда направть уведомление об исключительности прав?,МОНЕТИЗАЦИЯ
"Мне нужно отправить уведомление об исключительности прав, куда это можно сделать?",МОНЕТИЗАЦИЯ
Куда можно направить уведомление об исключительности прав?,МОНЕТИЗАЦИЯ
Что за можеерация?,МОДЕРАЦИЯ
Что такое эта ваша модерация?,МОДЕРАЦИЯ
Что происходит во время модерации?,МОДЕРАЦИЯ
Что вы смотрите на модерации?,МОДЕРАЦИЯ
Кто проводит модерацию?,МОДЕРАЦИЯ
"Как вы осушествляете модерацию, это люди или машины?",МОДЕРАЦИЯ
Вы модерируете сами или это роботы?,МОДЕРАЦИЯ
Сколь ждать модерации видео?,МОДЕРАЦИЯ
"Скажите, а сколько примерно по времени занимает модерация",МОДЕРАЦИЯ
"Здравствуйте! При модерации высветилось ""Видео удалено за нарушение пользовательского соглашения"". Не понимаю, что именно оно нарушает.",МОДЕРАЦИЯ
"Ваше видео отклонено, этьо что ?",МОДЕРАЦИЯ
"Почему пишет, что моё видео отклонено?",МОДЕРАЦИЯ
Мой ролик не прошел стадию модерации? В чём причина?,МОДЕРАЦИЯ
Что делать если моё виде не прошло вашу модерацию?,МОДЕРАЦИЯ
для чего нужно регистрироваться?,УПРАВЛЕНИЕ АККАУНТОМ
Зачем мне регистрация?,УПРАВЛЕНИЕ АККАУНТОМ
"что я должен ввести, чтобы зарегистрироваться?",УПРАВЛЕНИЕ АККАУНТОМ
что мне нужно чтобы пройти регистрацию?,УПРАВЛЕНИЕ АККАУНТОМ
"Подтверждение e-mail, это что?",УПРАВЛЕНИЕ АККАУНТОМ
"Подтверждение e-mail, что за ссылка пришла?",УПРАВЛЕНИЕ АККАУНТОМ
Не приходит письмо с подтверждением регистрации,УПРАВЛЕНИЕ АККАУНТОМ
Что делать если не пришло письмо с подтверждением регистрации?,УПРАВЛЕНИЕ АККАУНТОМ
А как поменять пароль?,УПРАВЛЕНИЕ АККАУНТОМ
Хочу сменить пароль. Что делать?,УПРАВЛЕНИЕ АККАУНТОМ
"Я не помню пороль?, как востановить?",УПРАВЛЕНИЕ АККАУНТОМ
Есть возвращение пароля?,УПРАВЛЕНИЕ АККАУНТОМ
"Забыл пароль, но письма для восстановления нет.",УПРАВЛЕНИЕ АККАУНТОМ
не могу востановить пароль не приходит e-mail,УПРАВЛЕНИЕ АККАУНТОМ
"Не помню пароля, когда отправляю письмо ничего нет",УПРАВЛЕНИЕ АККАУНТОМ
"Я не помню пароля от почты, которую привязывал, как теперь быть?",УПРАВЛЕНИЕ АККАУНТОМ
"Не могу хайти на привязанную почту, что делать?",УПРАВЛЕНИЕ АККАУНТОМ
"Мой имейл сейчас недостпен, который я добавлял сюда",УПРАВЛЕНИЕ АККАУНТОМ
как поменять номер телефона?,УПРАВЛЕНИЕ АККАУНТОМ
Как перепреривязать номер телефона?,УПРАВЛЕНИЕ АККАУНТОМ
Как изменить свой номер?,УПРАВЛЕНИЕ АККАУНТОМ
"Пишет, что не верный пароль, что теперь?",УПРАВЛЕНИЕ АККАУНТОМ
Говорит что пользователя не существует или неверный пароль?,УПРАВЛЕНИЕ АККАУНТОМ
"Пишет что нет такого пользователя или неверный пороль, ввожу всё корректно, что теперь делать?",УПРАВЛЕНИЕ АККАУНТОМ
Как удалить аккаунт?,УПРАВЛЕНИЕ АККАУНТОМ
"Прошу прощения! Удалите, пожалуйста:",УПРАВЛЕНИЕ АККАУНТОМ
хочу удалить канал,УПРАВЛЕНИЕ АККАУНТОМ
Здравствуй восстановите акаунт пожалуйста ,УПРАВЛЕНИЕ АККАУНТОМ
"Удалил свой аккаунт, восстановите плих",УПРАВЛЕНИЕ АККАУНТОМ
"На сайт не пускает, пишет что заблокировали",МОДЕРАЦИЯ
"Иеня заблокировали и не пускает, что не так?",МОДЕРАЦИЯ
"Я из Кахастана, как харегистрироваться?",УПРАВЛЕНИЕ АККАУНТОМ
Можно ли зарегистрироваться если я нахожусь за пределами РФ?,УПРАВЛЕНИЕ АККАУНТОМ
Что за личный канал?,УПРАВЛЕНИЕ АККАУНТОМ
"Мой канал, это что такое?",УПРАВЛЕНИЕ АККАУНТОМ
Что такое личный канал?,УПРАВЛЕНИЕ АККАУНТОМ
Как сделать канал?,УПРАВЛЕНИЕ АККАУНТОМ
"Хочу завести канал на рутуб, как это сделать?",УПРАВЛЕНИЕ АККАУНТОМ
Как мне завсти канал?,УПРАВЛЕНИЕ АККАУНТОМ
Как поменять названия канала?,УПРАВЛЕНИЕ АККАУНТОМ
Хочк изменить название канала как это сделать?,УПРАВЛЕНИЕ АККАУНТОМ
"Мне нужно поменять название канала, подскажитье, пожалуйста, как?",УПРАВЛЕНИЕ АККАУНТОМ
че такое студия рутуб?,УПРАВЛЕНИЕ АККАУНТОМ
Студя рутуб это что?,УПРАВЛЕНИЕ АККАУНТОМ
Как мне получать пожертвования?,БЛАГОТВОРИТЕЛЬНОСТЬ ДОНАТЫ
Могу получать донаты?,БЛАГОТВОРИТЕЛЬНОСТЬ ДОНАТЫ
Донаты у вас есть?,БЛАГОТВОРИТЕЛЬНОСТЬ ДОНАТЫ
Как подключть донаты?,БЛАГОТВОРИТЕЛЬНОСТЬ ДОНАТЫ
Пожертвования как включить?,БЛАГОТВОРИТЕЛЬНОСТЬ ДОНАТЫ
"Видел кнопку ""поддержать автора"", хочу такую включить, как?",БЛАГОТВОРИТЕЛЬНОСТЬ ДОНАТЫ
Какие донатилки могу подключить?,БЛАГОТВОРИТЕЛЬНОСТЬ ДОНАТЫ
На какие сервисы донатов могу указать ссылки,БЛАГОТВОРИТЕЛЬНОСТЬ ДОНАТЫ
На какие сервисы мне могкт донатить?,БЛАГОТВОРИТЕЛЬНОСТЬ ДОНАТЫ
Как получить ссылку на сервис донатов?,БЛАГОТВОРИТЕЛЬНОСТЬ ДОНАТЫ
Как я могу получить ссылку на пожертвование,БЛАГОТВОРИТЕЛЬНОСТЬ ДОНАТЫ
Где взять ссылку для донатов?,БЛАГОТВОРИТЕЛЬНОСТЬ ДОНАТЫ
Кого вы называете пользователем?,УПРАВЛЕНИЕ АККАУНТОМ
как стать пользователем?,УПРАВЛЕНИЕ АККАУНТОМ
Как стать автором?,УПРАВЛЕНИЕ АККАУНТОМ
как стать блоггером?,УПРАВЛЕНИЕ АККАУНТОМ
Как мне стать правообладателем?,ОТСУТСТВУЕТ
Как мне зарегестроваться как правообладатель,ОТСУТСТВУЕТ
Что ещё за проавообладатель?,ОТСУТСТВУЕТ
Стримы это что такое?,ТРАНСЛЯЦИЯ
"Трансляции, что это такое?",ТРАНСЛЯЦИЯ
Что во время стрима можно?,МОДЕРАЦИЯ
Что делать во время прямого эфира можно?,МОДЕРАЦИЯ
Какие требования для подачи потока?,ТРАНСЛЯЦИЯ
С каким качеством могу стримит?,ТРАНСЛЯЦИЯ
Как начать стрим?,ТРАНСЛЯЦИЯ
Как запустить трансляцию?,ТРАНСЛЯЦИЯ
Как подрубить стримчанский?,ТРАНСЛЯЦИЯ
Как сделать эксклюзивный стрим?,ТРАНСЛЯЦИЯ
"Здравствуйте, как мне утроить приватный стрим?",ТРАНСЛЯЦИЯ
"Как сделать личный стрим, чтобы никто не видил?",ТРАНСЛЯЦИЯ
"Написана, что нужно подтвердить телефон, зачем?",ТРАНСЛЯЦИЯ
Зачем привяхывать телефон?,ТРАНСЛЯЦИЯ
как подтвердить телефон?,ТРАНСЛЯЦИЯ
как мне подтвердить номер телефона?,ТРАНСЛЯЦИЯ
каким образом подтверждаите номер ?,ТРАНСЛЯЦИЯ
Пишет что нужно заполнит загаловак для трансляции зачем?,ТРАНСЛЯЦИЯ
заголовок и описание в эфире? зачемЕ?,ТРАНСЛЯЦИЯ
Что за облошка на трансляции?,ТРАНСЛЯЦИЯ
лбложка трансляции что это?,ТРАНСЛЯЦИЯ
Что за чат в окне?,ТРАНСЛЯЦИЯ
онлайн чта какой-то что с ним делать?,ТРАНСЛЯЦИЯ
"Чат онлайна куда мне его, как управлять?",ТРАНСЛЯЦИЯ
"после того как закончу стримить, что будет?",ТРАНСЛЯЦИЯ
что с видео после стрима будет?,ТРАНСЛЯЦИЯ
Запись потока после окончания стирается?,ТРАНСЛЯЦИЯ
Приватный стрим сохранится?,ТРАНСЛЯЦИЯ
После окончания стрима по ссылке он сохраняется?,ТРАНСЛЯЦИЯ
"Личный стрим, только для тех с кем я поделился ссылкой сохраниться?",ТРАНСЛЯЦИЯ
Запись трансляции можно удалить?,ТРАНСЛЯЦИЯ
Можно избавиться от записи потока после окончания?,ТРАНСЛЯЦИЯ
Как скачать запись стрима?,ТРАНСЛЯЦИЯ
"хочу себе запись трансляции, чтобы подмонтировать потом, как сделать?",ТРАНСЛЯЦИЯ
Можно ли скаяать запись стрима?,ТРАНСЛЯЦИЯ
"Я сняла поздравления для внучка, а как мне его теперь загрузить к вам или только блогееры к вам могут загружать?",ВИДЕО
как разместить видо на платформе?,ВИДЕО
"Какие условифмя должны быть, чтобы видео загрузилось?",ВИДЕО
"Какие параметры должны быть у аидеоо ролика, чтобы он успешно загрузился?",ВИДЕО
не могу загрущить видео возникла ошибка,ВИДЕО
ошибка при загрузке видео,ВИДЕО
"У моего видео звук отстает от видео, что делать?",ВИДЕО
"Что делаеть, если видео отстает от звука, такого не должно быть вот оригинал",ВИДЕО
"Я уже подверждал e-mail, но во время загрузки видео снова просит",ВИДЕО
"возникает какято-то ошибка, просит подвердить мыло при загрузке видео, но ранее подтверждала",ВИДЕО
не могу пасматреть видео из-за ошибки что это?,ВИДЕО
появляется ошибка перед тем как запустить видео,ВИДЕО
почему такое низкое качество у видео?,ВИДЕО
видео которое я смотрю в очень низком качестве,ВИДЕО
Почнм нельзя смотреть видео в хорошем качестве?,ВИДЕО
Можете поставить мой ролик на главную?,СОТРУДНИЧЕСТВО ПРОДВИЖЕНИЕ РЕКЛАМА
как мне разместить видео на главной рутуба?,СОТРУДНИЧЕСТВО ПРОДВИЖЕНИЕ РЕКЛАМА
"Где сое видео, я его загрузил, а его нет",МОДЕРАЦИЯ
"нет моего видео, я его недавно загрузил",МОДЕРАЦИЯ
К какой категории относится мой клип,ВИДЕО
Как правильно выбрать категорию?,ВИДЕО
"С какой это стати мое виде теперь в разделе ""Лайфстайл""?",МОДЕРАЦИЯ
Почему сменили категорию без моего ведома?,МОДЕРАЦИЯ
Не могу нати кнопки включения субтитров,ВИДЕО
"Хочу посмотреть видео с субтитрами, куда жать?",ВИДЕО
Какую технологию вы используете для субтитров?,ОТСУТСТВУЕТ
У вас встроенные субтитры или сгенерированые?,ОТСУТСТВУЕТ
Какой вид субтитров у вас? Сами генерите или надо закачивать?,ОТСУТСТВУЕТ
Автосубтитры? Это как?,ВИДЕО
Что за автоматические субтитры?,ВИДЕО
"Какие у вас правила для того, чтобюы я мог добавить субтитры?",ВИДЕО
Напишите правила для раазмещения субтитров,ВИДЕО
Какие правила размещения субтитров,ВИДЕО
Можено в трансляции включить субтитры?,ПРЕДЛОЖЕНИЯ
Доступен ли функционал субтитров трансляции?,ПРЕДЛОЖЕНИЯ
В записи трансляции появятся субтитры?,ПРЕДЛОЖЕНИЯ
Есть ли субтитры для записи трансляции?,ПРЕДЛОЖЕНИЯ
После того как трансляция сохраниться будут ли субтитры?,ПРЕДЛОЖЕНИЯ
Можно скачать видео на свой ПК?,ОТСУТСТВУЕТ
Можно ли скачивать видео к себе на компьютер?,ОТСУТСТВУЕТ
"Хочу скачать видео на ноутбук, это можно сделать?",ОТСУТСТВУЕТ
Как изменить видеоролик?,ВИДЕО
Как мне изменить мой ролик?,ВИДЕО
что за 18+ рядом с моим видео? Как убрать?,МОДЕРАЦИЯ
Уберите значек 18+ что это вообще такое,МОДЕРАЦИЯ
"Я ухочу удалить видео, как это сделать?",УПРАВЛЕНИЕ АККАУНТОМ
как удалить собственное видео?,УПРАВЛЕНИЕ АККАУНТОМ
"у меня на телевизоре появился код, куда его ввести?",УПРАВЛЕНИЕ АККАУНТОМ
Зачем мне код на телевизоре куда его вводить?,УПРАВЛЕНИЕ АККАУНТОМ
Как оформить платную подписку и что она дает7,УПРАВЛЕНИЕ АККАУНТОМ
Что такое платная подписка?,УПРАВЛЕНИЕ АККАУНТОМ
"списали деньги за какую-то подписку, я ничего не продлевал?",УПРАВЛЕНИЕ АККАУНТОМ
"За что списали деньги по подписке, я ничего не продлевал!",УПРАВЛЕНИЕ АККАУНТОМ
"Видео не соответствует вашим правилам, как пожаловаться?",МОДЕРАЦИЯ
Этот ролик нарушает закон,МОДЕРАЦИЯ
"Есть видео у вас, которые противоречат законам рф, что сделать?",МОДЕРАЦИЯ
"Удалите мой ролик, я не давал разрешение на публикацию",МОДЕРАЦИЯ
Моё видео опубликовали без спроса,МОДЕРАЦИЯ
"Я не побликовал этот ролик, он мой",МОДЕРАЦИЯ
"Пишет браузер устарел, что делать?",ОТСУТСТВУЕТ
"у меня старая версия браузера, что делать?",ОТСУТСТВУЕТ
Как обновить браузер?,ОТСУТСТВУЕТ
Какой формат видео могу загрузить?,ВИДЕО
Какое видео могу загрузить?,ВИДЕО
"Какие требования для загрузки, вес, качество и тд",ВИДЕО
Технические требования для обложки видео?,ВИДЕО
Какая должна быть обложка по размеру?,ВИДЕО
Сколько видео сразу могу поставть на загрузку?,ВИДЕО
я МОГУ ЗАГРУЗИТЬ 10 ВИДЕО СРАЗУ?,ВИДЕО
Можно ли разместить видео с вертикальной ориентацией?,ВИДЕО
Можно загрузить вертикальное видео?,ВИДЕО
Как загрузить видос в 360?,ВИДЕО
Можно ли понаромное фидео выложить?,ВИДЕО
Как много можно плейлистоа?,ВИДЕО
Сколько плейлисьов могу сделать?,ВИДЕО
Плейлист сколько вмещает?,ВИДЕО
Сколько в плейлисе может быть видео?,ВИДЕО
Есть отложенные публикации?,ВИДЕО
Можно запланировать выход видео на определенное время?,ВИДЕО
Как часто могу делать публикации видео с отложенным исполнением?,ВИДЕО
Сколько должно пройти между отложенными?,ВИДЕО
"Как сменить день в дате публикации, котрая в отложеном",ВИДЕО
Как поменять время отложки?,ВИДЕО
хочу поменять ролик,ВИДЕО
Как поменять видео?,ВИДЕО
Как убрать непонятную метку 18+,МОДЕРАЦИЯ
"У меня такой вопрос, че за 18+, как это убрать?",МОДЕРАЦИЯ
Что за метка 18+? Уберите её,МОДЕРАЦИЯ
Как скачать видео?,ОТСУТСТВУЕТ
Как можно скачать видео,ОТСУТСТВУЕТ
Как скачать???,ОТСУТСТВУЕТ
Как закрепить видео кстати?,УПРАВЛЕНИЕ АККАУНТОМ
как мне закрепить одно видео наа главной канала?,УПРАВЛЕНИЕ АККАУНТОМ
В каком порядке видео располагаются на канале?,ВИДЕО
В каком порядке видео у меня настранице?,ВИДЕО
"Подскажите, можно ли изменить порядок расположения видео на странице? Или только через полное удоление?",УПРАВЛЕНИЕ АККАУНТОМ
"Можно ли внутри канала на вкладке ""видео"" как-то менять порядок видео?",УПРАВЛЕНИЕ АККАУНТОМ
"Добрый день! Помогите пожалуйста, если возможно сменить порядок видео. Загужал видео, сразу по несколько штук, а они получается не по порядку загрузились..",УПРАВЛЕНИЕ АККАУНТОМ
Могу ли я с ютуба загружать сюда видео?,ВИДЕО
можно загружать сюда ролики с ютутб,ВИДЕО
Здравствуйте. Как можно перенести все видео с YouTube?,ВИДЕО
Могу перенсти видео с ютуба к себе на канал?,ВИДЕО
Могу ли перенести весь канал с youtube?,ВИДЕО
не загружается видео,ВИДЕО
Опять вышла ошибка придекодировании видео. В чем причина....,ВИДЕО
"У видео отстает звук, поможете?",ВИДЕО
Что делать если рассинхрон идёт по видео и звуку?,ВИДЕО
Видео загрузилось и там отстает звук,ВИДЕО
"Не могу загрузить видео просит подвердить почту, я это уже делал, что теперь?",ВИДЕО
"Почта уже подтверждена, но её зачем-то просят подтвердить снова при загрузке видео",ВИДЕО
"Я не могу загрузить почту, почему-то просит подтверждения почты, я это уже делал",ВИДЕО
"У меня такой вопрос, через сколько времени видео начнут появляться в поиске на рутебе",ПОИСК
Добрый день! Почему мои ролики не выходят по названию в поиске? они показываются аудитории или нет?,ПОИСК
нет моего видео в поисковике,ПОИСК
"Видео уже загрузил, а его почему-то нет?",МОДЕРАЦИЯ
"Загрузка видео прошла, но его почему-то нет на рутубе.",МОДЕРАЦИЯ
"Загрузка видео завершена, а его нет",МОДЕРАЦИЯ
Добрый день! Подскажите обзор по системам видеонаблюдения в какую категорию разместить?,ВИДЕО
"Если у меня тема Бизнес финансы какую категорию мне выбрать, образование или люди и блоги. У вас конкретики нет",ВИДЕО
"Здравствуйте!Меня зовут Дмитрий. Зарегистрировался на вашем сервере. Хочу проводить стримы - трансляции и рассказывать про вакансии, минут по 10 при создании стрима, какую категорию указывать?",ВИДЕО
"Здравствуйте, опять изменилась категория ролика с музыки на развлечение! Верните обратно , пожалуйста",МОДЕРАЦИЯ
"Почему категория поменялась, было разное категория?",МОДЕРАЦИЯ
"здравствуйте, система неправильно выставляет категорию на мои видео. У меня категория ""детское"" а ставится ""Разное"" или ""Развлечения"". можно ли поменять категории на моих видео?",МОДЕРАЦИЯ
Как удалить видео? ,ВИДЕО
здравствуйте. Как удалить видео с моего канала?,ВИДЕО
Здравствуйте. Возможно ли на Rutube добавлять таймкоды для видео - определенные временные метки,ВИДЕО
Добрый день! Как добавить таймкоды в видео?,ВИДЕО
Как добавить временные интервалы,ВИДЕО
В каком формате добавляются таймкоды?,ВИДЕО
Как мне правильно указать тайм-код?,ВИДЕО
Как правильно указывать время под видео?,ВИДЕО
Что нельзя публиковать на RUTUBE?,МОДЕРАЦИЯ
Почему могут отключить монетизацию из-за авторского права на видео и как этого избежать?,МОНЕТИЗАЦИЯ
Почему могут отключить монетизацию из-за искусственного завышения показателей на видео и как этого избежать? ,МОНЕТИЗАЦИЯ
"Для каких статусов доступна монетизация, и почему могут отключить монетизацию из-за изменения юридического статуса на видео, как этого избежать?",МОНЕТИЗАЦИЯ
"Какой контент можно использовать для монетизации, то есть в коммерческих целях?",МОНЕТИЗАЦИЯ
Какие материалы защищены авторским правом?,МОДЕРАЦИЯ
Как подтвердить права на использование контента для монетизации?,МОНЕТИЗАЦИЯ
"Кому принадлежат авторские права на контент, который я размещаю на платформе?",МОДЕРАЦИЯ
Можно ли цитировать чужие произведения?,МОДЕРАЦИЯ
Могу ли я использовать небольшие фрагменты фильмов для создания своих видео?,МОДЕРАЦИЯ
Можно ли свободно использовать материалы из интернета или из общего доступа?,МОДЕРАЦИЯ
"Можно ли использовать в видео материалы, которые распространяются по свободной лицензии?",МОДЕРАЦИЯ
Можно ли публиковать видео с чтением чужих книг и их переводов?,МОДЕРАЦИЯ
Нарушает ли авторские права использование образа персонажа игры/фильма/сериала?,МОДЕРАЦИЯ
"Почему вы не разглашаете, чьи авторские права я нарушаю?",МОДЕРАЦИЯ
"Как пожаловаться на видео, если оно нарушает авторские права?",МОДЕРАЦИЯ
Что такое мобильное приложение Студия RUTUBE?,УПРАВЛЕНИЕ АККАУНТОМ
Какие функции доступны в приложении Студия RUTUBE?,УПРАВЛЕНИЕ АККАУНТОМ
На каких операционных системах доступно приложение Студия RUTUBE?,ДОСТУП К RUTUBE
Как узнать версию приложения Студия RUTUBE?,ОТСУТСТВУЕТ
Как зарегистрироваться в приложении Студия RUTUBE?,УПРАВЛЕНИЕ АККАУНТОМ
Как авторизоваться в приложении Студия RUTUBE?,УПРАВЛЕНИЕ АККАУНТОМ
Можно ли авторизоваться в приложении Студия RUTUBE под уже существующим аккаунтом?,УПРАВЛЕНИЕ АККАУНТОМ
Можно ли авторизоваться (выполнить вход) в приложении Студия RUTUBE без ввода проверочного кода?,УПРАВЛЕНИЕ АККАУНТОМ
Как выйти из аккаунта в приложении Студия RUTUBE?,УПРАВЛЕНИЕ АККАУНТОМ
Можно ли изменять данные профиля в приложении Студия RUTUBE?,УПРАВЛЕНИЕ АККАУНТОМ
Можно ли изменять название и описание профиля канала в приложении Студия RUTUBE?,УПРАВЛЕНИЕ АККАУНТОМ
Можно ли удалить канал через приложение Студия RUTUBE?,УПРАВЛЕНИЕ АККАУНТОМ
Можно ли изменить обложку канала и фото профиля в приложении Студия RUTUBE?,УПРАВЛЕНИЕ АККАУНТОМ
Можно ли выдать доступы к студии канала через приложение Студия RUTUBE?,ПРЕДЛОЖЕНИЯ
Можно ли управлять другим каналом через приложение Студия RUTUBE?,ПРЕДЛОЖЕНИЯ
Какие требования к обложке канала?,УПРАВЛЕНИЕ АККАУНТОМ
"Можно ли менять местами или скрыть разделы во вкладке ""Обзор"" в приложении Студия RUTUBE?",ПРЕДЛОЖЕНИЯ
Как посмотреть аналитику по конкретному видео в приложении Студия RUTUBE?,ПРЕДЛОЖЕНИЯ
Как посмотреть доход по конкретному видео в приложении Студия RUTUBE?,ПРЕДЛОЖЕНИЯ
Как подключиться к партнерской программе в приложении Студия RUTUBE?,ПРЕДЛОЖЕНИЯ
Как создать плейлисты в приложении Студия RUTUBE?,ПРЕДЛОЖЕНИЯ
Можно ли загружать видео или Shorts в приложении Студия RUTUBE?,ВИДЕО
Можно ли в приложении Студия RUTUBE создавать и вести трансляции?,ПРЕДЛОЖЕНИЯ
"Можно ли отсортировать видео по статусу в категории ""Модерация/Отклонено"" в приложении Студия RUTUBE?",ПРЕДЛОЖЕНИЯ
Какие требования к обложке видео?,ВИДЕО
Можно ли работать с комментариями в приложении Студия RUTUBE?,ПРЕДЛОЖЕНИЯ
Как перенести видео c YouTube на RUTUBE?,ПРЕДЛОЖЕНИЯ
Не могу зарегистрироваться/авторизоваться в приложении Студия RUTUBE. Что делать?  ,УПРАВЛЕНИЕ АККАУНТОМ
Как написать обращение в поддержку через приложение Студия RUTUBE? ,ОТСУТСТВУЕТ
Что такое мобильное приложение Студия RUTUBE?,УПРАВЛЕНИЕ АККАУНТОМ
Какие функции доступны в приложении Студия RUTUBE?,УПРАВЛЕНИЕ АККАУНТОМ
Где можно скачать приложение Студия RUTUBE?,ДОСТУП К RUTUBE
На каких операционных системах доступно приложение Студия RUTUBE?,ДОСТУП К RUTUBE
Как узнать версию приложения Студия RUTUBE?,ОТСУТСТВУЕТ
Доступно ли приложение Студия RUTUBE на планшетах?,ДОСТУП К RUTUBE
Как зарегистрироваться в приложении Студия RUTUBE?,УПРАВЛЕНИЕ АККАУНТОМ
Как авторизоваться в приложении Студия RUTUBE?,УПРАВЛЕНИЕ АККАУНТОМ
Можно ли авторизоваться в приложении Студия RUTUBE под уже существующим аккаунтом?,УПРАВЛЕНИЕ АККАУНТОМ
Можно ли авторизоваться (выполнить вход) в приложении Студия RUTUBE без ввода проверочного кода?,УПРАВЛЕНИЕ АККАУНТОМ
Как выйти из аккаунта в приложении Студия RUTUBE?,УПРАВЛЕНИЕ АККАУНТОМ
Можно ли изменять данные профиля в приложении Студия RUTUBE?,УПРАВЛЕНИЕ АККАУНТОМ
Можно ли изменять название и описание профиля канала в приложении Студия RUTUBE?,УПРАВЛЕНИЕ АККАУНТОМ
Можно ли удалить канал через приложение Студия RUTUBE?,УПРАВЛЕНИЕ АККАУНТОМ
Можно ли изменить обложку канала и фото профиля в приложении Студия RUTUBE?,УПРАВЛЕНИЕ АККАУНТОМ
Можно ли выдать доступы к студии канала через приложение Студия RUTUBE?,ПРЕДЛОЖЕНИЯ
Можно ли управлять другим каналом через приложение Студия RUTUBE?,ПРЕДЛОЖЕНИЯ
Какие требования к обложке канала?,УПРАВЛЕНИЕ АККАУНТОМ
"Можно ли менять местами или скрыть разделы во вкладке ""Обзор"" в приложении Студия RUTUBE?",ПРЕДЛОЖЕНИЯ
Как посмотреть аналитику по конкретному видео в приложении Студия RUTUBE?,УПРАВЛЕНИЕ АККАУНТОМ
Как посмотреть доход по конкретному видео в приложении Студия RUTUBE?,ПРЕДЛОЖЕНИЯ
Как подключиться к партнерской программе в приложении Студия RUTUBE?,ПРЕДЛОЖЕНИЯ
Как создать плейлисты в приложении Студия RUTUBE?,ПРЕДЛОЖЕНИЯ
Можно ли в приложении Студия RUTUBE создавать и загружать видео?,ВИДЕО
Можно ли в приложении Студия RUTUBE создавать и вести трансляции?,ТРАНСЛЯЦИЯ
"Можно ли отсортировать видео по статусу в категории ""Модерация/Отклонено""?",ПРЕДЛОЖЕНИЯ
Какие требования к обложке видео?,ВИДЕО
"Можно ли заблокировать пользователя, оставляющего оскорбительные комментарии?",ПРЕДЛОЖЕНИЯ
Сколько комментариев можно закрепить под видео?,ВИДЕО
Как перенести видео с YouTube на RUTUBE?,ПРЕДЛОЖЕНИЯ
Не могу зарегистрироваться/авторизоваться в приложении. Что делать?,УПРАВЛЕНИЕ АККАУНТОМ
Как написать обращение в поддержку через приложение Студия RUTUBE?,ОТСУТСТВУЕТ
Для чего нужны настройки доступа к студии канала в Студии RUTUBE?,УПРАВЛЕНИЕ АККАУНТОМ
Где находятся настройки доступа к студии канала в Студии RUTUBE?,УПРАВЛЕНИЕ АККАУНТОМ
"Какие данные пользователя потребуются, чтобы предоставить доступ к студии моего канала?",УПРАВЛЕНИЕ АККАУНТОМ
Как предоставить доступ к студии моего канала другому пользователю?,УПРАВЛЕНИЕ АККАУНТОМ
Можно ли предоставить доступ к студии канала другому пользователю по id канала?,УПРАВЛЕНИЕ АККАУНТОМ
"Можно ли предоставить доступ к студии канала другому пользователю, не зарегистрированному на RUTUBE?",ПРЕДЛОЖЕНИЯ
Скольким пользователям можно предоставить доступ к студии канала?,УПРАВЛЕНИЕ АККАУНТОМ
К какому количеству студий может быть одновременно предоставлен доступ одному пользователю?,УПРАВЛЕНИЕ АККАУНТОМ
Может ли один пользователь занимать сразу несколько ролей доступа в рамках студии одного канала?,ПРЕДЛОЖЕНИЯ
Можно ли через настройки канала в Студии RUTUBE предоставить полный доступ к моей студии?,ПРЕДЛОЖЕНИЯ
"Может ли пользователь, которому предоставлен доступ к студии канала, открывать доступ и назначать роли другим пользователям?",ПРЕДЛОЖЕНИЯ
"Можно ли отследить действия пользователей, которым выдали доступ к студии канала?",ПРЕДЛОЖЕНИЯ
"Может ли пользователь, которому предоставили доступ к студии канала, самостоятельно отказаться от него?",УПРАВЛЕНИЕ АККАУНТОМ
"Где посмотреть, к каким студиям мне предоставлен доступ?",УПРАВЛЕНИЕ АККАУНТОМ
"Могу ли я посмотреть, с какими студиями уже работает пользователь, которому я хочу предоставить доступ?",ПРЕДЛОЖЕНИЯ
Какие бывают роли в доступах к студии канала?,УПРАВЛЕНИЕ АККАУНТОМ
Какие возможности взаимодействия со Студией доступны пользователю с правами Редактора?,УПРАВЛЕНИЕ АККАУНТОМ
Сколько пользователей можно назначить на роль Редактора?,УПРАВЛЕНИЕ АККАУНТОМ
"Может ли пользователь с правами Редактора создать трансляцию, если у Владельца канала не указан в профиле номер телефона?",ПРЕДЛОЖЕНИЯ
Может ли пользователь с правами Редактора управлять подписками Владельца канала?,ПРЕДЛОЖЕНИЯ
Какие возможности взаимодействия со Студией доступны пользователю в роли Редактора с ограниченными правами?,УПРАВЛЕНИЕ АККАУНТОМ
Сколько пользователей можно назначить на роль Редактора с ограниченными правами?,УПРАВЛЕНИЕ АККАУНТОМ
Какие возможности взаимодействия со Студией доступны пользователю с правами Модератора комментариев?,УПРАВЛЕНИЕ АККАУНТОМ
Сколько пользователей можно назначить на роль Модератора комментариев?,УПРАВЛЕНИЕ АККАУНТОМ
Какие возможности взаимодействия со Студией доступны пользователю в роли Пользователя с правами просмотра?,УПРАВЛЕНИЕ АККАУНТОМ
Скольким пользователям можно предоставить права доступа на роль Пользователя с правами просмотра?,УПРАВЛЕНИЕ АККАУНТОМ
Какие возможности взаимодействия со Студией доступны пользователю в роли Пользователя с ограниченными правами просмотра?,УПРАВЛЕНИЕ АККАУНТОМ
Скольким пользователям можно предоставить права доступа на роль Пользователя с ограниченными правами просмотра?,УПРАВЛЕНИЕ АККАУНТОМ
Каким ролям в студии доступен функционал работы с комментариями?,УПРАВЛЕНИЕ АККАУНТОМ
"Как зрителям будут видны действия пользователей, которых назначили на роли?",УПРАВЛЕНИЕ АККАУНТОМ
Что такое Shorts на RUTUBE?,ВИДЕО
Какие требования к Shorts?,ВИДЕО
Какая минимальная продолжительность роликов Shorts?,ВИДЕО
Как загрузить видео в формате Shorts?,ВИДЕО
Где расположен раздел Shorts?,ВИДЕО
Как видео попадают в раздел Shorts на главной?,СОТРУДНИЧЕСТВО ПРОДВИЖЕНИЕ РЕКЛАМА
"Нужно ли ставить хештег #Shorts в описании видео, чтобы оно попало в раздел Shorts на главной?",ВИДЕО
Как увеличить шансы на попадание моего видео в раздел Shorts на главной странице?,СОТРУДНИЧЕСТВО ПРОДВИЖЕНИЕ РЕКЛАМА
"Есть ли ограничения на количество видео, размещаемых в разделе Shorts на главной?",ВИДЕО
Как часто обновляется подборка роликов Shorts на главной?,ВИДЕО
Где найти свои ролики Shorts?,ВИДЕО
Монетизируются ли ролики Shorts?,МОНЕТИЗАЦИЯ
Можно ли включить ролик Shorts в горизонтальном плеере?,ВИДЕО
Что такое Smart TV?,ОТСУТСТВУЕТ
Для каких телевизоров и ТВ-приставок доступно приложение RUTUBE?,ДОСТУП К RUTUBE
Для каких телевизоров и ТВ-приставок доступно приложение RUTUBE Детям?,ПРЕДЛОЖЕНИЯ
Где можно скачать приложение RUTUBE для Smart TV?,ДОСТУП К RUTUBE
"Как установить приложение RUTUBE вручную, если его нет в магазине приложений?",ДОСТУП К RUTUBE
"Как установить RUTUBE на телевизоры LG, Samsung, Hisense, если приложения RUTUBE нет во встроенном магазине?",ДОСТУП К RUTUBE
"Что делать, если производитель больше не поддерживает модель телевизора, а приложения RUTUBE нет в магазине приложений?",ДОСТУП К RUTUBE
В каких странах доступно приложение RUTUBE для Smart TV?,ДОСТУП К RUTUBE
Где найти историю просмотра?,УПРАВЛЕНИЕ АККАУНТОМ
Как очистить историю просмотра?,УПРАВЛЕНИЕ АККАУНТОМ
Как очистить историю поиска?,ПОИСК
"Не вижу раздел «Моё», что делать?",ДОСТУП К RUTUBE
Будет ли приложение работать без обновлений на старых моделях Smart TV?,ДОСТУП К RUTUBE
Как отключить автовоспроизведение?,ПРЕДЛОЖЕНИЯ
Сколько телевизоров или ТВ-приставок может быть привязано к одному профилю RUTUBE?,УПРАВЛЕНИЕ АККАУНТОМ
"Как войти в профиль, если при сканировании QR-кода не открывается страница входа?",УПРАВЛЕНИЕ АККАУНТОМ
"Что делать, если видео недоступно только на ТВ. Ошибка «Этот контент доступен только на сайте rutube.ru»?",ВИДЕО
"В приложении RUTUBE для ТВ недоступны каналы СТС, Рен ТВ, Че, Домашний, что делать?",ТРАНСЛЯЦИЯ
Как выбрать качество 4К в приложении RUTUBE на ТВ?,ПРЕДЛОЖЕНИЯ
Какие горячие клавиши есть на RUTUBE?,ВИДЕО
Что такое трансляции (стримы) на RUTUBE?,ТРАНСЛЯЦИЯ
В каких приложениях доступны прямые трансляции?,ТРАНСЛЯЦИЯ
Кому доступно проведение трансляций (стримов) на RUTUBE?,ТРАНСЛЯЦИЯ
Можно ли запускать несколько трансляций одновременно?,ТРАНСЛЯЦИЯ
"Есть ли ограничения на одновременное проведение трансляций на RUTUBE и на других площадках (YouTube, Twitch и VK)?",ТРАНСЛЯЦИЯ
Есть ли реклама на трансляциях?,ТРАНСЛЯЦИЯ
Могут ли трансляции монетизироваться?,МОНЕТИЗАЦИЯ
Что я могу и что не могу делать во время трансляции (стрима)?,МОДЕРАЦИЯ
Что такое приватная трансляция на RUTUBE?,ТРАНСЛЯЦИЯ
Будет ли приватная трансляция отображаться на личной странице (канале) пользователя и в разделе RUTUBE «Все трансляции»?,ТРАНСЛЯЦИЯ
Можно ли эмбедировать (встраивать) трансляции на сторонние сайты?,ВИДЕО
Можно ли эмбедировать (встраивать) приватные трансляции на сторонние сайты?,ВИДЕО
Рекомендации к потоку трансляции на RUTUBE,ТРАНСЛЯЦИЯ
С какой кадровой частотой могут идти трансляции на RUTUBE?,ТРАНСЛЯЦИЯ
"Можно ли вести трансляции на RUTUBE, если подать поток в 60 FPS?",ТРАНСЛЯЦИЯ
"Если в трансляцию подать поток 60 FPS, то сохранится ли запись трансляции с этой кадровой частотой?",ТРАНСЛЯЦИЯ
Можно ли стримить на RUTUBE фильмы и сериалы?,МОДЕРАЦИЯ
Можно ли на RUTUBE стримить музыку?,МОДЕРАЦИЯ
Можно ли выпивать на стримах (в пределах разумного) и можно ли вейпить?,МОДЕРАЦИЯ
Как присвоить трансляции (стриму) категорию 18+?,ТРАНСЛЯЦИЯ
Для каких трансляций необходима маркировка 18+?,МОДЕРАЦИЯ
Как продвигаются стримы?,СОТРУДНИЧЕСТВО ПРОДВИЖЕНИЕ РЕКЛАМА
Как создать трансляцию?,ТРАНСЛЯЦИЯ
Можно ли запускать приватные трансляции на RUTUBE?,ТРАНСЛЯЦИЯ
Как запустить приватную трансляцию?,ТРАНСЛЯЦИЯ
Сохранится ли приватная трансляция?,ТРАНСЛЯЦИЯ
Сколько может длиться трансляция (стрима)?,ТРАНСЛЯЦИЯ
Есть ли ограничения на перемотку трансляций (стримов)?,ТРАНСЛЯЦИЯ
Есть ли реклама во время трансляции?,ТРАНСЛЯЦИЯ
С помощью каких программ допускается вести трансляции на RUTUBE?,ТРАНСЛЯЦИЯ
Можно ли скачать файл записи своей трансляции на RUTUBE по ее завершению?,ПРЕДЛОЖЕНИЯ
По какой ссылке доступна запись трансляции?,ТРАНСЛЯЦИЯ
Можно ли открыть доступ к просмотру записи приватной трансляции для всех зрителей?,ВИДЕО
Как настроить OBS Studio для проведения трансляций на RUTUBE? ,ТРАНСЛЯЦИЯ
Как настроить vMix для проведения трансляций на RUTUBE? ,ТРАНСЛЯЦИЯ
Что такое встраивание (embed) видео?,ВИДЕО
Как эмбедировать видео с RUTUBE?,ВИДЕО
Какие есть дополнительные возможности при эмбедирование видео,ВИДЕО
Какие настройки параметров можно сделать в коде вставки,ВИДЕО
"Как встроить на сайт приватное видео, доступное только по прямой ссылке?",ВИДЕО
Как мне лучше оформить свой канал?,УПРАВЛЕНИЕ АККАУНТОМ
"Какие рекомендации следует учитывать при создании обложки и заголовка для видео, чтобы повысить его привлекательность и видимость? ",ВИДЕО
Для чего нужна верификация и что она дает пользователю?,УПРАВЛЕНИЕ АККАУНТОМ
Какие пользователи могут подать на верификацию канала?,УПРАВЛЕНИЕ АККАУНТОМ
Как подать заявку на верификацию канала?,УПРАВЛЕНИЕ АККАУНТОМ
Кто может получить верификацию?,УПРАВЛЕНИЕ АККАУНТОМ
Может ли физическое лицо получить статус?,УПРАВЛЕНИЕ АККАУНТОМ
Как поменять URL своего RUTUBE канала?,УПРАВЛЕНИЕ АККАУНТОМ
Сколько времени занимает рассмотрение заявки на верификацию канала?,УПРАВЛЕНИЕ АККАУНТОМ
Кто рассматривает заявку на получение статуса?,УПРАВЛЕНИЕ АККАУНТОМ
Обязательна ли верификация канала для подключения к монетизации?,МОНЕТИЗАЦИЯ
"Что делать, если заявку не одобрили?",УПРАВЛЕНИЕ АККАУНТОМ
Моя заявка находится длительное время без ответа. Что делать?,УПРАВЛЕНИЕ АККАУНТОМ
Что такое Монетизация на RUTUBE?,МОНЕТИЗАЦИЯ
С какого возраста доступна монетизация?,МОНЕТИЗАЦИЯ
"Могу ли я подключиться к партнёрской программе, если я не резидент РФ?",ПРЕДЛОЖЕНИЯ
"Как подключить монетизацию, если я физлицо?",ПРЕДЛОЖЕНИЯ
Какие документы нужны для заявки на монетизацию?,МОНЕТИЗАЦИЯ
Обязательна ли верификация канала для подключения к монетизации?,МОНЕТИЗАЦИЯ
"Что делать, если заявку не одобрили?",УПРАВЛЕНИЕ АККАУНТОМ
Моя заявка находится длительное время без ответа. Что делать?,УПРАВЛЕНИЕ АККАУНТОМ
Что такое Монетизация на RUTUBE?,МОНЕТИЗАЦИЯ
С какого возраста доступна монетизация?,МОНЕТИЗАЦИЯ
"Могу ли я подключиться к партнёрской программе, если я не резидент РФ?",ПРЕДЛОЖЕНИЯ
"Как подключить монетизацию, если я физлицо?",ПРЕДЛОЖЕНИЯ
Какие документы нужны для заявки на монетизацию?,МОНЕТИЗАЦИЯ
Обязательна ли верификация канала для подключения к монетизации?,МОНЕТИЗАЦИЯ
Как долго рассматривается заявка на монетизацию? ,МОНЕТИЗАЦИЯ
Можно ли создать несколько каналов и монетизировать их?,МОНЕТИЗАЦИЯ
Можно ли подключить монетизацию нескольких каналов на одного человека или организацию?,МОНЕТИЗАЦИЯ
Могу ли я оформить монетизацию моего канала на доверенное лицо?,МОНЕТИЗАЦИЯ
Я хочу оформить монетизацию на другого человека. Нужно ли переоформлять канал на него?,ПРЕДЛОЖЕНИЯ
"Могу ли я монетизировать видеоролики, в которых есть реакции на фильмы, блоги или клипы?",МОНЕТИЗАЦИЯ
Монетизируется ли контент с отметкой 18+?,МОНЕТИЗАЦИЯ
"Могу ли я монетизировать видеоролики, которые ранее загружались на RUTUBE другими пользователями?",МОНЕТИЗАЦИЯ
Монетизация подключена. С какого момента будет рассчитываться вознаграждение? ,МОНЕТИЗАЦИЯ
"Отправил заявку на монетизацию, но в личном кабинете висит надпись: «Требуется дополнительная информация». Что делать?",МОНЕТИЗАЦИЯ
Почему заявка может быть отклонена?,МОНЕТИЗАЦИЯ
Сколько времени дается на исправление нарушений на канале?,МОНЕТИЗАЦИЯ
Как долго рассматривается повторная заявка на монетизацию?,МОНЕТИЗАЦИЯ
Где посмотреть подробную аналитику по монетизации моего канала и информацию о начислениях?,МОНЕТИЗАЦИЯ
Как формируется вознаграждение за монетизацию?,МОНЕТИЗАЦИЯ
Как мне вывести средства с баланса в личном кабинете?,МОНЕТИЗАЦИЯ
Как часто обновляются данные по монетизации?,МОНЕТИЗАЦИЯ
Можно ли отключить рекламу в видео?,МОНЕТИЗАЦИЯ
Куда я могу отправить уведомление об исключительности прав?,МОНЕТИЗАЦИЯ
Что такое модерация на RUTUBE?,МОДЕРАЦИЯ
Что проверяют при модерации?,МОДЕРАЦИЯ
Кем осуществляется модерация в RUTUBE?,МОДЕРАЦИЯ
Сколько по времени длится модерация?,МОДЕРАЦИЯ
Что значит «Ваше видео отклонено»?,МОДЕРАЦИЯ
"Что делать, если модерация в RUTUBE не пройдена? (Что делать, если мое видео отклонено?)",МОДЕРАЦИЯ
Зачем нужна регистрация на RUTUBE?,УПРАВЛЕНИЕ АККАУНТОМ
Что нужно для регистрации на RUTUBE?,УПРАВЛЕНИЕ АККАУНТОМ
Что такое подтверждение e-mail?,УПРАВЛЕНИЕ АККАУНТОМ
"Я подтвердил свою регистрацию, но письмо с подтверждением на мой e-mail не пришло",УПРАВЛЕНИЕ АККАУНТОМ
Как сменить пароль?,УПРАВЛЕНИЕ АККАУНТОМ
Как восстановить пароль?,УПРАВЛЕНИЕ АККАУНТОМ
"Забыл свой пароль, а письмо для его восстановления не приходит на почту",УПРАВЛЕНИЕ АККАУНТОМ
"Что делать, если у меня уже нет доступа к ранее указанному адресу электронной почты?",УПРАВЛЕНИЕ АККАУНТОМ
Как изменить привязанный к аккаунту номер телефона?,УПРАВЛЕНИЕ АККАУНТОМ
"Пробую авторизоваться, а сервис пишет, что такого пользователя не существует или пароль неверный. Что делать?",УПРАВЛЕНИЕ АККАУНТОМ
Я хочу удалить свой аккаунт. Как это сделать?,УПРАВЛЕНИЕ АККАУНТОМ
"Я удалил свой аккаунт, а теперь хочу восстановить его. Как это сделать?",УПРАВЛЕНИЕ АККАУНТОМ
"Я не могу войти на сайт, мой аккаунт заблокирован",МОДЕРАЦИЯ
"Могу ли я зарегистрироваться на RUTUBE, если я не из России?",УПРАВЛЕНИЕ АККАУНТОМ
Что такое личный канал на RUTUBE?,УПРАВЛЕНИЕ АККАУНТОМ
Как завести канал на RUTUBE?,УПРАВЛЕНИЕ АККАУНТОМ
Как изменить название моего канала на RUTUBE?,УПРАВЛЕНИЕ АККАУНТОМ
Что такое Студия RUTUBE?,УПРАВЛЕНИЕ АККАУНТОМ
Как мне получать донаты за публикации?,БЛАГОТВОРИТЕЛЬНОСТЬ ДОНАТЫ
Как включить функцию «Поддержать автора»?,БЛАГОТВОРИТЕЛЬНОСТЬ ДОНАТЫ
На какой сервис можно добавить ссылку?,БЛАГОТВОРИТЕЛЬНОСТЬ ДОНАТЫ
Как получить ссылку в этих сервисах?,БЛАГОТВОРИТЕЛЬНОСТЬ ДОНАТЫ
Кто такой пользователь и как им стать?,УПРАВЛЕНИЕ АККАУНТОМ
Кто такой автор/блогер и как им стать?,УПРАВЛЕНИЕ АККАУНТОМ
Кто такой правообладатель и как им стать?,ОТСУТСТВУЕТ
Что такое трансляции (стримы) на RUTUBE?,ТРАНСЛЯЦИЯ
Что я могу и что не могу делать во время стрима?,МОДЕРАЦИЯ
Рекомендации к потоку трансляции,ТРАНСЛЯЦИЯ
Как создать трансляцию?,ТРАНСЛЯЦИЯ
Как запустить приватную трансляцию?,ТРАНСЛЯЦИЯ
Зачем нужно подтверждать номер телефона?,ТРАНСЛЯЦИЯ
Как проходит подтверждение номера телефона?,ТРАНСЛЯЦИЯ
Зачем нужен заголовок и описание для прямого эфира?,ТРАНСЛЯЦИЯ
Что такое обложка трансляции?,ТРАНСЛЯЦИЯ
Что такое онлайн-чат и как им управлять?,ТРАНСЛЯЦИЯ
Что произойдет с моей трансляцией после ее окончания?,ТРАНСЛЯЦИЯ
Сохраняется ли приватная трансляция?,ТРАНСЛЯЦИЯ
Могу ли я удалить запись трансляции после ее окончания?,ТРАНСЛЯЦИЯ
Могу ли я скачать копию моей трансляции?,ТРАНСЛЯЦИЯ
Как загрузить видеоролик на сайт?,ВИДЕО
Какие технические требования предъявляются к загружаемым видеороликам?,ВИДЕО
При загрузке ролика возникает ошибка,ВИДЕО
У моего ролика рассинхрон (не совпадают звук и видео). Что делать?,ВИДЕО
"Не получается загрузить видеоролик — появляется окно с просьбой подтвердить e-mail, но я его уже подтвердил.",ВИДЕО
Не воспроизводится видео — появляется ошибка,ВИДЕО
Не могу посмотреть ролик в хорошем качестве,ВИДЕО
Как размещать ролики на главной странице RUTUBE?,СОТРУДНИЧЕСТВО ПРОДВИЖЕНИЕ РЕКЛАМА
Я недавно загрузил видеоролик. Почему он до сих пор не появился на сайте?,МОДЕРАЦИЯ
Какую категорию выбрать для видео?,ВИДЕО
Почему изменена категория у моего видеоролика?,МОДЕРАЦИЯ
Как включить субтитры в видео?,ВИДЕО
Какие субтитры используются в RUTUBE?,ОТСУТСТВУЕТ
Что такое автоматические субтитры?,ВИДЕО
Правила размещения субтитров,ВИДЕО
Доступны ли субтитры во время трансляций?,ПРЕДЛОЖЕНИЯ
Доступны ли субтитры в записи трансляций?,ПРЕДЛОЖЕНИЯ
Могу ли я скачать видеоролик с RUTUBE на свой компьютер?,ОТСУТСТВУЕТ
Как изменить мой ролик?,ВИДЕО
На моем видеоролике стоит значок «18+». Что это значит и как это убрать?,МОДЕРАЦИЯ
Как удалить мой видеоролик?,УПРАВЛЕНИЕ АККАУНТОМ
В приложении RUTUBE для SmartTV на экране телевизора появляется код. Зачем он нужен и куда его ввести?,УПРАВЛЕНИЕ АККАУНТОМ
Что дает платная подписка? Как оформить?,УПРАВЛЕНИЕ АККАУНТОМ
"С меня сняли деньги за подписку, хотя я ее не продлевал.",УПРАВЛЕНИЕ АККАУНТОМ
"Я нашел на RUTUBE ролик, нарушающий ваши правила или противоречащий законам РФ.",МОДЕРАЦИЯ
"Это мой ролик, я не давал разрешение на его публикацию.",МОДЕРАЦИЯ
"Что делать, если мой браузер устарел?",ОТСУТСТВУЕТ
Какие технические требования предъявляются к загружаемым видеороликам?,ВИДЕО
Какие требования к обложке видео?,ВИДЕО
Сколько видео можно загружать одновременно?,ВИДЕО
Могу ли я загружать вертикальные видео?,ВИДЕО
Можно ли загружать панорамные видео в формате 360°?,ВИДЕО
Сколько плейлистов можно создать на канале?,ВИДЕО
Сколько видео можно добавить в один плейлист?,ВИДЕО
Можно ли включить отложенную публикацию видео?,ВИДЕО
Какое минимальное время может быть между отложенными публикациями?,ВИДЕО
Как изменить дату отложенной публикации?,ВИДЕО
Как изменить мой ролик?,ВИДЕО
На моем видео стоит значок «18+». Что это значит и как это убрать?,МОДЕРАЦИЯ
Можно ли скачать видео с RUTUBE?,ОТСУТСТВУЕТ
Как закрепить видео на канале?,УПРАВЛЕНИЕ АККАУНТОМ
В каком порядке публикуются и отображаются видео на канале?,ВИДЕО
Как изменить порядок видео на канале?,УПРАВЛЕНИЕ АККАУНТОМ
Можно ли загружать видео на RUTUBE с YouTube?,ВИДЕО
Можно ли перенести видео с YouTube на RUTUBE-канал?,ВИДЕО
При загрузке видео возникает ошибка. Что делать?,ВИДЕО
У моего ролика рассинхрон — не совпадают звук и видео. Что делать?,ВИДЕО
"Не получается загрузить видео — появляется окно с просьбой подтвердить почту, но она уже подтверждена.",ВИДЕО
Почему загруженный ролик не отображается в результатах поиска по RUTUBE? ,ПОИСК
"Видео недавно загрузилось, почему оно до сих пор не появилось на RUTUBE?",МОДЕРАЦИЯ
Какую категорию выбрать для видео?,ВИДЕО
Почему изменилась категория у моего видео?,МОДЕРАЦИЯ
Как удалить видео?,ВИДЕО
Как добавить тайм-коды под видео?,ВИДЕО
В каком формате нужно добавлять тайм-коды под видео?,ВИДЕО
