user_question,label_2
"Все пишут, что монетизация на рутубе отключается сама собой, у меня тоже так будет?",Отключение/подключение монетизации
Что запрещено в монетизации и что можно выкладывать?,Отключение/подключение монетизации
"Чтобы не отключали монетизацию, надо, чтобы я сам снимал видео?",Отключение/подключение монетизации
"Можно ли мне накрутить просмотры, не будет нарушением? Все равно же это просмотры ",Отключение/подключение монетизации
"Если коменты и просмотрынакрученны, рутуб с таким явлением что-то делает?",Отключение/подключение монетизации
Какой статус мне выбрать для монетизации?,Отключение/подключение монетизации
"Если я превышу лимит по самозанятости, с монетизацией все будет хорошо?",Отключение/подключение монетизации
"Подскажите, пожалуйста, что не запрещено выкладывать в монетизации?",Отключение/подключение монетизации
"Какую музыку можно использовать в видео, чтобы получать доход от просмотров?",Отключение/подключение монетизации
Я заю что музыку нельзя размещать!  А если сам ее написал или с сайта то как,Отключение/подключение монетизации
"Какие документы нужны для восстановления монетизации, ели это чужие видео?",Отключение/подключение монетизации
"Добрый день, я бы хотел узнать какие документы я должен предоставить чтобы мог загружать определенные фильмы и мультфильмы? у меня есть разрешения на некоторые фильмы и мультфильмы просто, надо включить монетизацию",Отключение/подключение монетизации
Возможно ли монетизировать ролики Shorts?,Отключение/подключение монетизации
"Я публикую на канале ролики shorts, будет ли на них монетизация?",Отключение/подключение монетизации
Есть ли у вас монетизация для стримов?,Отключение/подключение монетизации
Мои трансляции на Rutube будут монетизироваться? ,Отключение/подключение монетизации
"Я обычно стримлю на твиче, захотел попробовать у вас. Я смогу монетизировать свои трансляции?",Отключение/подключение монетизации
Планирую создать у вас канал и проводить трансляции. За них можно будет получать доход или вы только видео монетизируете?,Отключение/подключение монетизации
"А мне обязательно верифицировать свой канал, чтобы монетизироваться?",Отключение/подключение монетизации
"Планирую подавать на монетизацию, нужно ли мне для этого получать галочку?",Отключение/подключение монетизации
На рутубе есть монетизация?,Отключение/подключение монетизации
Rutub же поддерживает авторов? Я смогу получать доход за свои ролики?,Отключение/подключение монетизации
У вас можно монетизировать свои видео?,Отключение/подключение монетизации
"Я могу подключить монетизацию, если мне через месяц будет 18?",Отключение/подключение монетизации
Какие возрастные ограничения для участия в партнерской программе?,Отключение/подключение монетизации
Какие вам нужно будет отправлять документы для подключения монетизации?,Отключение/подключение монетизации
Что нужно будет предоставлять для участия в партнерской программе?,Отключение/подключение монетизации
Достаточно ли паспорта для подачи заявки на монетизацию или нужны будут еще какие-то документы?,Отключение/подключение монетизации
"Нужно ли предварительно верифицировать канал, чтобы участвовать в партнерской программе?",Отключение/подключение монетизации
Для подключения монетизации не обязательно быть официальным каналом?,Отключение/подключение монетизации
Есть ли требование к верификации канала для подключения монетизации?,Отключение/подключение монетизации
я не понимаю что за монетизация?,Отключение/подключение монетизации
Что за монитизация?,Отключение/подключение монетизации
Сколько лет нада для монетизации?,Отключение/подключение монетизации
"Здравствуйте, может ли несовершенолетний подключить монетизацию на своём rutube канале?",Отключение/подключение монетизации
Что мне прислать чтобы получать деньги?,Отключение/подключение монетизации
"Какие надо вам документы, чтобы одобрили заявку на монетизауию?",Отключение/подключение монетизации
Пришлите список документов для подключения монетизации,Отключение/подключение монетизации
"нужна ли галочка, чтобы подключить монетизацию",Отключение/подключение монетизации
"Есть ли необходимость верефицировать свой канал, чтобы у меня была монетизация?",Отключение/подключение монетизации
Сколько обычно рассматривается заявка на монетизацию?,Отключение/подключение монетизации
Долго ждать одобрения монетизации?,Отключение/подключение монетизации
"У меня 2 аккаунта, могу монетизировать оба?",Отключение/подключение монетизации
"Хочу создать ещё один канал и монетизиравать его, так можно?",Отключение/подключение монетизации
У нашей организации несколько каналов нужно можн ли получать деньги со всех калах?,Отключение/подключение монетизации
На одного человека можно монету включить на нескольких каналах?,Отключение/подключение монетизации
Можно ли оформить монетизацию на доверенного человека?,Отключение/подключение монетизации
Могу ли я оформить монетизацию по доверенности?,Отключение/подключение монетизации
"У меня канал с реактами на чужие ролики, за них платят?",Отключение/подключение монетизации
могу лия монетизировать контетнт где я смотрю кино?,Отключение/подключение монетизации
У видео 18+ есть монетизация?,Отключение/подключение монетизации
С ограничем по возрасту могу расчитывать на монетизацию?,Отключение/подключение монетизации
"Могу ли я подключить  монетизацию, на ролики которые уже были на рутуб?",Отключение/подключение монетизации
"Если я выкладываю ролики, которые ранее были на рубубе, то я могу за них получать деньги?",Отключение/подключение монетизации
"Подключил монетизацию, с какого моента мне начнет считаться вознаграждение?",Отключение/подключение монетизации
"Я подключил монетизацию, с какого момента начнут считаться деньги?",Отключение/подключение монетизации
"Наконецто подключил монетизацию, с какого момента начнет считаться вознаграждение?",Отключение/подключение монетизации
 «Требуется дополнительная информация» для монетизации? Что ещё от меня нужно?,Отключение/подключение монетизации
"В личном кабинете есть надпись  «Требуется дополнительная информация», после подключения монетизации, что не так?",Отключение/подключение монетизации
из-за чего может быть отклонена монетизация?,Отключение/подключение монетизации
Почему по монетизации может быть отказ?,Отключение/подключение монетизации
"Здравствуйте!
Мне на почту от Вас не пришло письмо с инструкцией о том, что нужно исправить для восстановления выплат по партнерской программе. Сколько времени есть?",Отключение/подключение монетизации
"Сколько у меня есть, чтобы исправить нарушения?",Отключение/подключение монетизации
Сколько мне мдается на устранение нарушений на канале?,Отключение/подключение монетизации
"здраствуйте, отправляем Вам все лицензии на использование аудио/музыкального и иного контента, нарушения в описании группы устранены, видео с нарушениями-удалены. В ближайшее время будет отправлена повторная заявка. Сколько рассматрение?",Отключение/подключение монетизации
"Повторная проверка была отправлена,скак долго ждать??",Отключение/подключение монетизации
"Опять отправил заявку на монетизацию, сейчас сколько ждать?",Отключение/подключение монетизации
Где есть аналитика по деньгам?,Статистика по монетизации
Как ине посмотреть аналитику по монетизации?,Статистика по монетизации
Где у вас раздел аналититики по монеитизации?,Статистика по монетизации
Сколько вы платите на 1000 просмотров?,Статистика по монетизации
Сколько примерно платят за 1000 просмотров?,Статистика по монетизации
"Здравствуйте, сколько платят за 1000 просмотров ? не понятно как работает монетизация да и вроде платить стали меньше, раньше как-то больше за месяц выходило около 150 рублей а сейчас по 2-3 рублям",Статистика по монетизации
Добрый день не могу понят ькак вывести баланс?,Статистика по монетизации
"Здравствуйте, подскажите как вывести деньги, к выводу 5600 руб",Статистика по монетизации
Как вывести деньги?,Статистика по монетизации
Добрый день!Как часто происходит обновление статистики в Монетизации?,Статистика по монетизации
"Здравствуйте, информается по монетизации как часто обновляется?",Статистика по монетизации
"Добрый день, случайно отключила рекламу и участие в партнерской программе на канале, подскажите пожалуйста, как подключить обратно?",Подключение/отключение рекламы
"добрый день, я по ошибке отключил рекламу, как её включить. спасибо.",Подключение/отключение рекламы
Куда направть уведомление об исключительности прав?,Отключение/подключение монетизации
"Мне нужно отправить уведомление об исключительности прав, куда это можно сделать?",Отключение/подключение монетизации
Куда можно направить уведомление об исключительности прав?,Отключение/подключение монетизации
Почему могут отключить монетизацию из-за авторского права на видео и как этого избежать?,Отключение/подключение монетизации
Почему могут отключить монетизацию из-за искусственного завышения показателей на видео и как этого избежать? ,Отключение/подключение монетизации
"Для каких статусов доступна монетизация, и почему могут отключить монетизацию из-за изменения юридического статуса на видео, как этого избежать?",Отключение/подключение монетизации
"Какой контент можно использовать для монетизации, то есть в коммерческих целях?",Отключение/подключение монетизации
Как подтвердить права на использование контента для монетизации?,Отключение/подключение монетизации
Монетизируются ли ролики Shorts?,Отключение/подключение монетизации
Могут ли трансляции монетизироваться?,Отключение/подключение монетизации
Обязательна ли верификация канала для подключения к монетизации?,Отключение/подключение монетизации
Что такое Монетизация на RUTUBE?,Отключение/подключение монетизации
С какого возраста доступна монетизация?,Отключение/подключение монетизации
Какие документы нужны для заявки на монетизацию?,Отключение/подключение монетизации
Обязательна ли верификация канала для подключения к монетизации?,Отключение/подключение монетизации
Что такое Монетизация на RUTUBE?,Отключение/подключение монетизации
С какого возраста доступна монетизация?,Отключение/подключение монетизации
Какие документы нужны для заявки на монетизацию?,Отключение/подключение монетизации
Обязательна ли верификация канала для подключения к монетизации?,Отключение/подключение монетизации
Как долго рассматривается заявка на монетизацию? ,Отключение/подключение монетизации
Можно ли создать несколько каналов и монетизировать их?,Отключение/подключение монетизации
Можно ли подключить монетизацию нескольких каналов на одного человека или организацию?,Отключение/подключение монетизации
Могу ли я оформить монетизацию моего канала на доверенное лицо?,Отключение/подключение монетизации
"Могу ли я монетизировать видеоролики, в которых есть реакции на фильмы, блоги или клипы?",Отключение/подключение монетизации
Монетизируется ли контент с отметкой 18+?,Отключение/подключение монетизации
"Могу ли я монетизировать видеоролики, которые ранее загружались на RUTUBE другими пользователями?",Отключение/подключение монетизации
Монетизация подключена. С какого момента будет рассчитываться вознаграждение? ,Отключение/подключение монетизации
"Отправил заявку на монетизацию, но в личном кабинете висит надпись: «Требуется дополнительная информация». Что делать?",Отключение/подключение монетизации
Почему заявка может быть отклонена?,Отключение/подключение монетизации
Сколько времени дается на исправление нарушений на канале?,Отключение/подключение монетизации
Как долго рассматривается повторная заявка на монетизацию?,Отключение/подключение монетизации
Где посмотреть подробную аналитику по монетизации моего канала и информацию о начислениях?,Статистика по монетизации
Как формируется вознаграждение за монетизацию?,Статистика по монетизации
Как мне вывести средства с баланса в личном кабинете?,Статистика по монетизации
Как часто обновляются данные по монетизации?,Статистика по монетизации
Можно ли отключить рекламу в видео?,Подключение/отключение рекламы
Куда я могу отправить уведомление об исключительности прав?,Отключение/подключение монетизации
